

CREATE TABLE `accounts` (
  `id` int(10) unsigned NOT NULL AUTO_INCREMENT,
  `account_no` varchar(191) COLLATE utf8mb4_unicode_ci NOT NULL,
  `name` varchar(191) COLLATE utf8mb4_unicode_ci NOT NULL,
  `initial_balance` double DEFAULT NULL,
  `total_balance` double NOT NULL,
  `note` text COLLATE utf8mb4_unicode_ci,
  `is_default` tinyint(1) DEFAULT NULL,
  `is_active` tinyint(1) NOT NULL,
  `created_at` timestamp NULL DEFAULT NULL,
  `updated_at` timestamp NULL DEFAULT NULL,
  PRIMARY KEY (`id`)
) ENGINE=InnoDB AUTO_INCREMENT=4 DEFAULT CHARSET=utf8mb4 COLLATE=utf8mb4_unicode_ci;

INSERT INTO accounts VALUES("1","Account-1","Comptabilité 1","","0","Fond de caisse initial","1","1","2018-12-18 02:58:02","2022-01-06 15:27:31");
INSERT INTO accounts VALUES("3","21211","Sa","","0","","0","0","2018-12-18 02:58:56","2022-01-03 16:36:31");



CREATE TABLE `adjustments` (
  `id` int(10) unsigned NOT NULL AUTO_INCREMENT,
  `reference_no` varchar(191) COLLATE utf8mb4_unicode_ci NOT NULL,
  `warehouse_id` int(11) NOT NULL,
  `document` varchar(191) COLLATE utf8mb4_unicode_ci DEFAULT NULL,
  `total_qty` double NOT NULL,
  `item` int(11) NOT NULL,
  `note` text COLLATE utf8mb4_unicode_ci,
  `created_at` timestamp NULL DEFAULT NULL,
  `updated_at` timestamp NULL DEFAULT NULL,
  PRIMARY KEY (`id`)
) ENGINE=InnoDB DEFAULT CHARSET=utf8mb4 COLLATE=utf8mb4_unicode_ci;




CREATE TABLE `attendances` (
  `id` int(10) unsigned NOT NULL AUTO_INCREMENT,
  `date` date NOT NULL,
  `employee_id` int(11) NOT NULL,
  `user_id` int(11) NOT NULL,
  `checkin` varchar(191) COLLATE utf8mb4_unicode_ci NOT NULL,
  `checkout` varchar(191) COLLATE utf8mb4_unicode_ci NOT NULL,
  `status` int(11) NOT NULL,
  `note` text COLLATE utf8mb4_unicode_ci,
  `created_at` timestamp NULL DEFAULT NULL,
  `updated_at` timestamp NULL DEFAULT NULL,
  PRIMARY KEY (`id`)
) ENGINE=InnoDB DEFAULT CHARSET=utf8mb4 COLLATE=utf8mb4_unicode_ci;




CREATE TABLE `billers` (
  `id` int(10) unsigned NOT NULL AUTO_INCREMENT,
  `name` varchar(191) COLLATE utf8mb4_unicode_ci NOT NULL,
  `image` varchar(191) COLLATE utf8mb4_unicode_ci DEFAULT NULL,
  `company_name` varchar(191) COLLATE utf8mb4_unicode_ci NOT NULL,
  `vat_number` varchar(191) COLLATE utf8mb4_unicode_ci DEFAULT NULL,
  `email` varchar(191) COLLATE utf8mb4_unicode_ci NOT NULL,
  `phone_number` varchar(191) COLLATE utf8mb4_unicode_ci NOT NULL,
  `address` varchar(191) COLLATE utf8mb4_unicode_ci NOT NULL,
  `city` varchar(191) COLLATE utf8mb4_unicode_ci NOT NULL,
  `state` varchar(191) COLLATE utf8mb4_unicode_ci DEFAULT NULL,
  `postal_code` varchar(191) COLLATE utf8mb4_unicode_ci DEFAULT NULL,
  `country` varchar(191) COLLATE utf8mb4_unicode_ci DEFAULT NULL,
  `is_active` tinyint(1) DEFAULT NULL,
  `created_at` timestamp NULL DEFAULT NULL,
  `updated_at` timestamp NULL DEFAULT NULL,
  PRIMARY KEY (`id`)
) ENGINE=InnoDB DEFAULT CHARSET=utf8mb4 COLLATE=utf8mb4_unicode_ci;




CREATE TABLE `brands` (
  `id` int(10) unsigned NOT NULL AUTO_INCREMENT,
  `title` varchar(191) COLLATE utf8mb4_unicode_ci NOT NULL,
  `image` varchar(191) COLLATE utf8mb4_unicode_ci DEFAULT NULL,
  `is_active` tinyint(1) DEFAULT NULL,
  `created_at` timestamp NULL DEFAULT NULL,
  `updated_at` timestamp NULL DEFAULT NULL,
  PRIMARY KEY (`id`)
) ENGINE=InnoDB DEFAULT CHARSET=utf8mb4 COLLATE=utf8mb4_unicode_ci;




CREATE TABLE `cash_registers` (
  `id` int(10) unsigned NOT NULL AUTO_INCREMENT,
  `cash_in_hand` double NOT NULL,
  `user_id` int(11) NOT NULL,
  `warehouse_id` int(11) NOT NULL,
  `status` tinyint(1) NOT NULL,
  `created_at` timestamp NULL DEFAULT NULL,
  `updated_at` timestamp NULL DEFAULT NULL,
  PRIMARY KEY (`id`)
) ENGINE=InnoDB DEFAULT CHARSET=utf8mb4 COLLATE=utf8mb4_unicode_ci;




CREATE TABLE `categories` (
  `id` int(10) unsigned NOT NULL AUTO_INCREMENT,
  `name` varchar(191) COLLATE utf8mb4_unicode_ci NOT NULL,
  `image` varchar(191) COLLATE utf8mb4_unicode_ci DEFAULT NULL,
  `parent_id` int(11) DEFAULT NULL,
  `is_active` tinyint(1) DEFAULT NULL,
  `created_at` timestamp NULL DEFAULT NULL,
  `updated_at` timestamp NULL DEFAULT NULL,
  PRIMARY KEY (`id`)
) ENGINE=InnoDB AUTO_INCREMENT=3 DEFAULT CHARSET=utf8mb4 COLLATE=utf8mb4_unicode_ci;

INSERT INTO categories VALUES("1","Ensemble","","","1","2022-05-11 08:18:34","2022-05-11 08:18:34");
INSERT INTO categories VALUES("2","Abaya","","","1","2022-05-11 08:18:47","2022-05-11 08:18:47");



CREATE TABLE `cities` (
  `id` int(10) unsigned NOT NULL AUTO_INCREMENT,
  `name` varchar(191) COLLATE utf8mb4_unicode_ci NOT NULL,
  `created_at` timestamp NULL DEFAULT NULL,
  `updated_at` timestamp NULL DEFAULT NULL,
  PRIMARY KEY (`id`)
) ENGINE=InnoDB AUTO_INCREMENT=324 DEFAULT CHARSET=utf8mb4 COLLATE=utf8mb4_unicode_ci;

INSERT INTO cities VALUES("1","AFOURAR - BENI-MELLAL","2022-05-09 01:29:12","2022-05-09 01:29:12");
INSERT INTO cities VALUES("2","AGADIR","2022-05-09 01:29:12","2022-05-09 01:29:12");
INSERT INTO cities VALUES("3","AGHBAL","2022-05-09 01:29:12","2022-05-09 01:29:12");
INSERT INTO cities VALUES("4","AGLOU","2022-05-09 01:29:12","2022-05-09 01:29:12");
INSERT INTO cities VALUES("5","AGOURAY - MEKNES","2022-05-09 01:29:12","2022-05-09 01:29:12");
INSERT INTO cities VALUES("6","AGZIRT BENI-MELLAL","2022-05-09 01:29:12","2022-05-09 01:29:12");
INSERT INTO cities VALUES("7","AHFIR","2022-05-09 01:29:12","2022-05-09 01:29:12");
INSERT INTO cities VALUES("8","AIN ALLA","2022-05-09 01:29:12","2022-05-09 01:29:12");
INSERT INTO cities VALUES("9","AIN AOUDA","2022-05-09 01:29:12","2022-05-09 01:29:12");
INSERT INTO cities VALUES("10","AIN ATTIQ","2022-05-09 01:29:12","2022-05-09 01:29:12");
INSERT INTO cities VALUES("11","AIN CHEGGAG","2022-05-09 01:29:12","2022-05-09 01:29:12");
INSERT INTO cities VALUES("12","AIN CHKEF","2022-05-09 01:29:12","2022-05-09 01:29:12");
INSERT INTO cities VALUES("13","AIN DFALI-OUAZZANE","2022-05-09 01:29:12","2022-05-09 01:29:12");
INSERT INTO cities VALUES("14","AIN EL MEDIOUR","2022-05-09 01:29:12","2022-05-09 01:29:12");
INSERT INTO cities VALUES("15","AIN HAROUDA","2022-05-09 01:29:12","2022-05-09 01:29:12");
INSERT INTO cities VALUES("16","AIN JEMAA-MEKNES","2022-05-09 01:29:12","2022-05-09 01:29:12");
INSERT INTO cities VALUES("17","AIN JIRI-MEKNES","2022-05-09 01:29:12","2022-05-09 01:29:12");
INSERT INTO cities VALUES("18","AIN SEDDAQ","2022-05-09 01:29:12","2022-05-09 01:29:12");
INSERT INTO cities VALUES("19","AIN TEKKI","2022-05-09 01:29:12","2022-05-09 01:29:12");
INSERT INTO cities VALUES("20","AIN ZARKA","2022-05-09 01:29:12","2022-05-09 01:29:12");
INSERT INTO cities VALUES("21","AIT AISSA OUBRAHIM","2022-05-09 01:29:12","2022-05-09 01:29:12");
INSERT INTO cities VALUES("22","AIT AMIRA-AGADIR","2022-05-09 01:29:12","2022-05-09 01:29:12");
INSERT INTO cities VALUES("23","AIT IAAZA","2022-05-09 01:29:12","2022-05-09 01:29:12");
INSERT INTO cities VALUES("24","AIT IHYA OMOUSSA","2022-05-09 01:29:12","2022-05-09 01:29:12");
INSERT INTO cities VALUES("25","AIT MELLOUL","2022-05-09 01:29:12","2022-05-09 01:29:12");
INSERT INTO cities VALUES("26","AIT OURIR-VILLE","2022-05-09 01:29:12","2022-05-09 01:29:12");
INSERT INTO cities VALUES("27","AJDIR-HOUCIMA","2022-05-09 01:29:12","2022-05-09 01:29:12");
INSERT INTO cities VALUES("28","AJDIR-TAZA","2022-05-09 01:29:12","2022-05-09 01:29:12");
INSERT INTO cities VALUES("29","AKKA-TATA","2022-05-09 01:29:12","2022-05-09 01:29:12");
INSERT INTO cities VALUES("30","AKLIM","2022-05-09 01:29:12","2022-05-09 01:29:12");
INSERT INTO cities VALUES("31","AL HOCEIMA","2022-05-09 01:29:12","2022-05-09 01:29:12");
INSERT INTO cities VALUES("32","ALNIF","2022-05-09 01:29:12","2022-05-09 01:29:12");
INSERT INTO cities VALUES("33","ANZA","2022-05-09 01:29:12","2022-05-09 01:29:12");
INSERT INTO cities VALUES("34","AOUFOUS","2022-05-09 01:29:12","2022-05-09 01:29:12");
INSERT INTO cities VALUES("35","AOURIR-AGADIR","2022-05-09 01:29:12","2022-05-09 01:29:12");
INSERT INTO cities VALUES("36","ARJAT-MOHAMMEDIA","2022-05-09 01:29:12","2022-05-09 01:29:12");
INSERT INTO cities VALUES("37","ARREFOUD VILLE","2022-05-09 01:29:12","2022-05-09 01:29:12");
INSERT INTO cities VALUES("38","ASILAH VILLE","2022-05-09 01:29:12","2022-05-09 01:29:12");
INSERT INTO cities VALUES("39","ASSA","2022-05-09 01:29:12","2022-05-09 01:29:12");
INSERT INTO cities VALUES("40","ATTAOUIA","2022-05-09 01:29:12","2022-05-09 01:29:12");
INSERT INTO cities VALUES("41","AZEMMOUR","2022-05-09 01:29:12","2022-05-09 01:29:12");
INSERT INTO cities VALUES("42","AZILAL","2022-05-09 01:29:12","2022-05-09 01:29:12");
INSERT INTO cities VALUES("43","AZLA","2022-05-09 01:29:12","2022-05-09 01:29:12");
INSERT INTO cities VALUES("44","AZROU","2022-05-09 01:29:12","2022-05-09 01:29:12");
INSERT INTO cities VALUES("45","BAB BARD","2022-05-09 01:29:12","2022-05-09 01:29:12");
INSERT INTO cities VALUES("46","BAB TAZA","2022-05-09 01:29:12","2022-05-09 01:29:12");
INSERT INTO cities VALUES("47","BDOUZA","2022-05-09 01:29:12","2022-05-09 01:29:12");
INSERT INTO cities VALUES("48","BEJAAD","2022-05-09 01:29:12","2022-05-09 01:29:12");
INSERT INTO cities VALUES("49","BELAAGID","2022-05-09 01:29:12","2022-05-09 01:29:12");
INSERT INTO cities VALUES("50","BELFAA","2022-05-09 01:29:12","2022-05-09 01:29:12");
INSERT INTO cities VALUES("51","BELKSIRI VILLE","2022-05-09 01:29:12","2022-05-09 01:29:12");
INSERT INTO cities VALUES("52","BEN AHMED-VILLE","2022-05-09 01:29:12","2022-05-09 01:29:12");
INSERT INTO cities VALUES("53","BEN GUERIR","2022-05-09 01:29:12","2022-05-09 01:29:12");
INSERT INTO cities VALUES("54","BEN TAYEB-NADOR","2022-05-09 01:29:12","2022-05-09 01:29:12");
INSERT INTO cities VALUES("55","BENI ENSAR","2022-05-09 01:29:12","2022-05-09 01:29:12");
INSERT INTO cities VALUES("56","BENI MELLAL","2022-05-09 01:29:12","2022-05-09 01:29:12");
INSERT INTO cities VALUES("57","BENSILAMN","2022-05-09 01:29:12","2022-05-09 01:29:12");
INSERT INTO cities VALUES("58","BERKANE","2022-05-09 01:29:12","2022-05-09 01:29:12");
INSERT INTO cities VALUES("59","BERRECHID VILLE","2022-05-09 01:29:12","2022-05-09 01:29:12");
INSERT INTO cities VALUES("60","BHALIL","2022-05-09 01:29:12","2022-05-09 01:29:12");
INSERT INTO cities VALUES("61","BIOUGRA","2022-05-09 01:29:12","2022-05-09 01:29:12");
INSERT INTO cities VALUES("62","BIR JDID","2022-05-09 01:29:12","2022-05-09 01:29:12");
INSERT INTO cities VALUES("63","BNI AYAT - BENI-MELLAL","2022-05-09 01:29:12","2022-05-09 01:29:12");
INSERT INTO cities VALUES("64","BNI BOUAYACH","2022-05-09 01:29:12","2022-05-09 01:29:12");
INSERT INTO cities VALUES("65","BNI YAKHLEF","2022-05-09 01:29:12","2022-05-09 01:29:12");
INSERT INTO cities VALUES("66","BOUANANE-TETOUN","2022-05-09 01:29:12","2022-05-09 01:29:12");
INSERT INTO cities VALUES("67","BOUARFA","2022-05-09 01:29:12","2022-05-09 01:29:12");
INSERT INTO cities VALUES("68","BOUDERBALA-MEKNES","2022-05-09 01:29:12","2022-05-09 01:29:12");
INSERT INTO cities VALUES("69","BOUFKRANE","2022-05-09 01:29:12","2022-05-09 01:29:12");
INSERT INTO cities VALUES("70","BOUIZAKARNE","2022-05-09 01:29:12","2022-05-09 01:29:12");
INSERT INTO cities VALUES("71","BOUJDOUR","2022-05-09 01:29:12","2022-05-09 01:29:12");
INSERT INTO cities VALUES("72","BOUJNIBA","2022-05-09 01:29:12","2022-05-09 01:29:12");
INSERT INTO cities VALUES("73","BOUKNADL","2022-05-09 01:29:12","2022-05-09 01:29:12");
INSERT INTO cities VALUES("74","BOULANOUARE","2022-05-09 01:29:12","2022-05-09 01:29:12");
INSERT INTO cities VALUES("75","BOULEMANE","2022-05-09 01:29:12","2022-05-09 01:29:12");
INSERT INTO cities VALUES("76","BOUMALNE DADES","2022-05-09 01:29:12","2022-05-09 01:29:12");
INSERT INTO cities VALUES("77","BOUMIA","2022-05-09 01:29:12","2022-05-09 01:29:12");
INSERT INTO cities VALUES("78","BOUNAAMANE-TIZNIT","2022-05-09 01:29:12","2022-05-09 01:29:12");
INSERT INTO cities VALUES("79","BOUSKOURA","2022-05-09 01:29:12","2022-05-09 01:29:12");
INSERT INTO cities VALUES("80","BOUZNIKA","2022-05-09 01:29:12","2022-05-09 01:29:12");
INSERT INTO cities VALUES("81","BRADIA - BENI-MELLAL","2022-05-09 01:29:12","2022-05-09 01:29:12");
INSERT INTO cities VALUES("82","CABO NEGRO","2022-05-09 01:29:12","2022-05-09 01:29:12");
INSERT INTO cities VALUES("83","CASABLANCA","2022-05-09 01:29:12","2022-05-09 01:29:12");
INSERT INTO cities VALUES("84","CHEFCHAOUEN","2022-05-09 01:29:12","2022-05-09 01:29:12");
INSERT INTO cities VALUES("85","CHELLALAT","2022-05-09 01:29:12","2022-05-09 01:29:12");
INSERT INTO cities VALUES("86","CHICHAOUA-VILLE","2022-05-09 01:29:12","2022-05-09 01:29:12");
INSERT INTO cities VALUES("87","CHOUITER","2022-05-09 01:29:12","2022-05-09 01:29:12");
INSERT INTO cities VALUES("88","DAKHLA","2022-05-09 01:29:12","2022-05-09 01:29:12");
INSERT INTO cities VALUES("89","DAR BOUAZZA","2022-05-09 01:29:12","2022-05-09 01:29:12");
INSERT INTO cities VALUES("90","DAR OULD ZIDOUH","2022-05-09 01:29:12","2022-05-09 01:29:12");
INSERT INTO cities VALUES("91","DAROUA","2022-05-09 01:29:12","2022-05-09 01:29:12");
INSERT INTO cities VALUES("92","DCHEIRA","2022-05-09 01:29:12","2022-05-09 01:29:12");
INSERT INTO cities VALUES("93","DEMNATE-VILLE","2022-05-09 01:29:12","2022-05-09 01:29:12");
INSERT INTO cities VALUES("94","DKHISSA-MEKNES","2022-05-09 01:29:12","2022-05-09 01:29:12");
INSERT INTO cities VALUES("95","DLALHA","2022-05-09 01:29:12","2022-05-09 01:29:12");
INSERT INTO cities VALUES("96","DOUAR BOUMAIZ","2022-05-09 01:29:12","2022-05-09 01:29:12");
INSERT INTO cities VALUES("97","DRARGA","2022-05-09 01:29:12","2022-05-09 01:29:12");
INSERT INTO cities VALUES("98","DRIOUCH-NADOR","2022-05-09 01:29:12","2022-05-09 01:29:12");
INSERT INTO cities VALUES("99","ECHEMMAIA","2022-05-09 01:29:12","2022-05-09 01:29:12");
INSERT INTO cities VALUES("100","EL BOROUJ","2022-05-09 01:29:12","2022-05-09 01:29:12");
INSERT INTO cities VALUES("101","EL GARA","2022-05-09 01:29:12","2022-05-09 01:29:12");
INSERT INTO cities VALUES("102","EL JADIDA","2022-05-09 01:29:12","2022-05-09 01:29:12");
INSERT INTO cities VALUES("103","EL KSIBA - BENI-MELLAL","2022-05-09 01:29:12","2022-05-09 01:29:12");
INSERT INTO cities VALUES("104","EL MAADER EL KABIR-TIZNIT","2022-05-09 01:29:12","2022-05-09 01:29:12");
INSERT INTO cities VALUES("105","EL MANSOURIA","2022-05-09 01:29:12","2022-05-09 01:29:12");
INSERT INTO cities VALUES("106","EL OUATIA","2022-05-09 01:29:12","2022-05-09 01:29:12");
INSERT INTO cities VALUES("107","ELHAJEB VILLE","2022-05-09 01:29:12","2022-05-09 01:29:12");
INSERT INTO cities VALUES("108","ERRACHIDIA-02","2022-05-09 01:29:12","2022-05-09 01:29:12");
INSERT INTO cities VALUES("109","ERRAHMA VILLE","2022-05-09 01:29:12","2022-05-09 01:29:12");
INSERT INTO cities VALUES("110","ESSAOUIRA","2022-05-09 01:29:12","2022-05-09 01:29:12");
INSERT INTO cities VALUES("111","ESSMARA-SAHARA","2022-05-09 01:29:12","2022-05-09 01:29:12");
INSERT INTO cities VALUES("112","FAM EL HISN-TATA","2022-05-09 01:29:12","2022-05-09 01:29:12");
INSERT INTO cities VALUES("113","FES","2022-05-09 01:29:12","2022-05-09 01:29:12");
INSERT INTO cities VALUES("114","FIGUIG","2022-05-09 01:29:12","2022-05-09 01:29:12");
INSERT INTO cities VALUES("115","FNIDEQ","2022-05-09 01:29:12","2022-05-09 01:29:12");
INSERT INTO cities VALUES("116","FOUM ZGUID","2022-05-09 01:29:12","2022-05-09 01:29:12");
INSERT INTO cities VALUES("117","FQUIH BEN SALAH","2022-05-09 01:29:12","2022-05-09 01:29:12");
INSERT INTO cities VALUES("118","GFIFAT","2022-05-09 01:29:12","2022-05-09 01:29:12");
INSERT INTO cities VALUES("119","GOUASSEM-VILLE","2022-05-09 01:29:12","2022-05-09 01:29:12");
INSERT INTO cities VALUES("120","GOULMIMA VILLE","2022-05-09 01:29:12","2022-05-09 01:29:12");
INSERT INTO cities VALUES("121","GUELMIM","2022-05-09 01:29:12","2022-05-09 01:29:12");
INSERT INTO cities VALUES("122","GUERCIF","2022-05-09 01:29:12","2022-05-09 01:29:12");
INSERT INTO cities VALUES("123","GUISSER","2022-05-09 01:29:12","2022-05-09 01:29:12");
INSERT INTO cities VALUES("124","HAD HRARA-SAFI","2022-05-09 01:29:12","2022-05-09 01:29:12");
INSERT INTO cities VALUES("125","HAD SWLME","2022-05-09 01:29:12","2022-05-09 01:29:12");
INSERT INTO cities VALUES("126","HAD WLAD FRAJ","2022-05-09 01:29:12","2022-05-09 01:29:12");
INSERT INTO cities VALUES("127","HARHOURA","2022-05-09 01:29:12","2022-05-09 01:29:12");
INSERT INTO cities VALUES("128","HOUARA","2022-05-09 01:29:12","2022-05-09 01:29:12");
INSERT INTO cities VALUES("129","IDI JABER-BENI-MELLAL","2022-05-09 01:29:12","2022-05-09 01:29:12");
INSERT INTO cities VALUES("130","IFRAN","2022-05-09 01:29:12","2022-05-09 01:29:12");
INSERT INTO cities VALUES("131","IGHRAM LAALAM-BENI MELLAL","2022-05-09 01:29:12","2022-05-09 01:29:12");
INSERT INTO cities VALUES("132","IMGON-TINGHIR","2022-05-09 01:29:12","2022-05-09 01:29:12");
INSERT INTO cities VALUES("133","IMINTANOUTE-VILLE","2022-05-09 01:29:12","2022-05-09 01:29:12");
INSERT INTO cities VALUES("134","IMOUZAR KANDRE","2022-05-09 01:29:12","2022-05-09 01:29:12");
INSERT INTO cities VALUES("135","IMOUZZER MARMOUCHA","2022-05-09 01:29:12","2022-05-09 01:29:12");
INSERT INTO cities VALUES("136","IMZOUREN","2022-05-09 01:29:12","2022-05-09 01:29:12");
INSERT INTO cities VALUES("137","INZEGANE","2022-05-09 01:29:12","2022-05-09 01:29:12");
INSERT INTO cities VALUES("138","ISSAFEN-TATA","2022-05-09 01:29:12","2022-05-09 01:29:12");
INSERT INTO cities VALUES("139","ISSAGUEN","2022-05-09 01:29:12","2022-05-09 01:29:12");
INSERT INTO cities VALUES("140","JAMAAT FDALA","2022-05-09 01:29:12","2022-05-09 01:29:12");
INSERT INTO cities VALUES("141","JAMAAT SHAIM","2022-05-09 01:29:12","2022-05-09 01:29:12");
INSERT INTO cities VALUES("142","JERADA","2022-05-09 01:29:12","2022-05-09 01:29:12");
INSERT INTO cities VALUES("143","JORF EL MELHA-OUZZANE","2022-05-09 01:29:12","2022-05-09 01:29:12");
INSERT INTO cities VALUES("144","JORF SEFAR","2022-05-09 01:29:12","2022-05-09 01:29:12");
INSERT INTO cities VALUES("145","KABILA","2022-05-09 01:29:12","2022-05-09 01:29:12");
INSERT INTO cities VALUES("146","KAMOUNI","2022-05-09 01:29:12","2022-05-09 01:29:12");
INSERT INTO cities VALUES("147","KARIAT ARKMAN‎-NADOR","2022-05-09 01:29:12","2022-05-09 01:29:12");
INSERT INTO cities VALUES("148","KARIAT BA MOHAMED","2022-05-09 01:29:12","2022-05-09 01:29:12");
INSERT INTO cities VALUES("149","KASBA TADLA","2022-05-09 01:29:12","2022-05-09 01:29:12");
INSERT INTO cities VALUES("150","KASBAH EL TAHER","2022-05-09 01:29:12","2022-05-09 01:29:12");
INSERT INTO cities VALUES("151","KELÂA DES SRAGHNA","2022-05-09 01:29:12","2022-05-09 01:29:12");
INSERT INTO cities VALUES("152","KELÂAT M GOUNA","2022-05-09 01:29:12","2022-05-09 01:29:12");
INSERT INTO cities VALUES("153","KELIAA","2022-05-09 01:29:12","2022-05-09 01:29:12");
INSERT INTO cities VALUES("154","KENITRA VILLE","2022-05-09 01:29:12","2022-05-09 01:29:12");
INSERT INTO cities VALUES("155","KHEMIS SAHEL","2022-05-09 01:29:12","2022-05-09 01:29:12");
INSERT INTO cities VALUES("156","KHEMIS ZEMAMRA","2022-05-09 01:29:12","2022-05-09 01:29:12");
INSERT INTO cities VALUES("157","KHEMISSET VILLE","2022-05-09 01:29:12","2022-05-09 01:29:12");
INSERT INTO cities VALUES("158","KHENICHET","2022-05-09 01:29:12","2022-05-09 01:29:12");
INSERT INTO cities VALUES("159","KHENIFRA VILLE","2022-05-09 01:29:12","2022-05-09 01:29:12");
INSERT INTO cities VALUES("160","KHOURIBGA","2022-05-09 01:29:12","2022-05-09 01:29:12");
INSERT INTO cities VALUES("161","KSAR EL KEBIR","2022-05-09 01:29:12","2022-05-09 01:29:12");
INSERT INTO cities VALUES("162","KSAR SGHIR","2022-05-09 01:29:12","2022-05-09 01:29:12");
INSERT INTO cities VALUES("163","LAAROUI","2022-05-09 01:29:12","2022-05-09 01:29:12");
INSERT INTO cities VALUES("164","LAAYOUNE-PORT","2022-05-09 01:29:12","2022-05-09 01:29:12");
INSERT INTO cities VALUES("165","LAAYOUNE-SAHARA","2022-05-09 01:29:12","2022-05-09 01:29:12");
INSERT INTO cities VALUES("166","LALLA FATNA","2022-05-09 01:29:12","2022-05-09 01:29:12");
INSERT INTO cities VALUES("167","LALLA MIMOUNA","2022-05-09 01:29:12","2022-05-09 01:29:12");
INSERT INTO cities VALUES("168","LAOUAMRA","2022-05-09 01:29:12","2022-05-09 01:29:12");
INSERT INTO cities VALUES("169","LARACHE","2022-05-09 01:29:12","2022-05-09 01:29:12");
INSERT INTO cities VALUES("170","LAYOUN CHERKIA","2022-05-09 01:29:12","2022-05-09 01:29:12");
INSERT INTO cities VALUES("171","LHAJ KADOUR VILLE","2022-05-09 01:29:12","2022-05-09 01:29:12");
INSERT INTO cities VALUES("172","LHAWZIA-JADIDA","2022-05-09 01:29:12","2022-05-09 01:29:12");
INSERT INTO cities VALUES("173","LMHAYA","2022-05-09 01:29:12","2022-05-09 01:29:12");
INSERT INTO cities VALUES("174","LOUIZIA","2022-05-09 01:29:12","2022-05-09 01:29:12");
INSERT INTO cities VALUES("175","M DIQ","2022-05-09 01:29:12","2022-05-09 01:29:12");
INSERT INTO cities VALUES("176","MAAZIZ","2022-05-09 01:29:12","2022-05-09 01:29:12");
INSERT INTO cities VALUES("177","MARINA SMIR","2022-05-09 01:29:12","2022-05-09 01:29:12");
INSERT INTO cities VALUES("178","MARRAKECH","2022-05-09 01:29:12","2022-05-09 01:29:12");
INSERT INTO cities VALUES("179","MARTIL","2022-05-09 01:29:12","2022-05-09 01:29:12");
INSERT INTO cities VALUES("180","MASMOUDA - OUAZZANE","2022-05-09 01:29:12","2022-05-09 01:29:12");
INSERT INTO cities VALUES("181","MAZAGAN","2022-05-09 01:29:12","2022-05-09 01:29:12");
INSERT INTO cities VALUES("182","MEDIONA","2022-05-09 01:29:12","2022-05-09 01:29:12");
INSERT INTO cities VALUES("183","MEHDIA VILLE","2022-05-09 01:29:12","2022-05-09 01:29:12");
INSERT INTO cities VALUES("184","MEJJAT","2022-05-09 01:29:12","2022-05-09 01:29:12");
INSERT INTO cities VALUES("185","MEKNES","2022-05-09 01:29:12","2022-05-09 01:29:12");
INSERT INTO cities VALUES("186","MHAMID EL GHIZLANE","2022-05-09 01:29:12","2022-05-09 01:29:12");
INSERT INTO cities VALUES("187","MIDAR-DRIOUCH","2022-05-09 01:29:12","2022-05-09 01:29:12");
INSERT INTO cities VALUES("188","MIDELT","2022-05-09 01:29:12","2022-05-09 01:29:12");
INSERT INTO cities VALUES("189","MIMOSA-MOHAMMEDIA","2022-05-09 01:29:12","2022-05-09 01:29:12");
INSERT INTO cities VALUES("190","MISSOUR","2022-05-09 01:29:12","2022-05-09 01:29:12");
INSERT INTO cities VALUES("191","MOLY DRISSE ZARHOUNE","2022-05-09 01:29:12","2022-05-09 01:29:12");
INSERT INTO cities VALUES("192","MOUHAMMEDIA","2022-05-09 01:29:12","2022-05-09 01:29:12");
INSERT INTO cities VALUES("193","MOULAY ABDELLAH","2022-05-09 01:29:12","2022-05-09 01:29:12");
INSERT INTO cities VALUES("194","MOULAY BOUSSELHAM","2022-05-09 01:29:12","2022-05-09 01:29:12");
INSERT INTO cities VALUES("195","MOULAY YAÂCOUB","2022-05-09 01:29:12","2022-05-09 01:29:12");
INSERT INTO cities VALUES("196","MRIRTE","2022-05-09 01:29:12","2022-05-09 01:29:12");
INSERT INTO cities VALUES("197","MSAWAR RASO","2022-05-09 01:29:12","2022-05-09 01:29:12");
INSERT INTO cities VALUES("198","MSEMRIR-TINGHIR","2022-05-09 01:29:12","2022-05-09 01:29:12");
INSERT INTO cities VALUES("199","MZOUDA","2022-05-09 01:29:12","2022-05-09 01:29:12");
INSERT INTO cities VALUES("200","NADOR","2022-05-09 01:29:12","2022-05-09 01:29:12");
INSERT INTO cities VALUES("201","NOUACEUR","2022-05-09 01:29:12","2022-05-09 01:29:12");
INSERT INTO cities VALUES("202","OUAHAT SIDI BRAHIM","2022-05-09 01:29:12","2022-05-09 01:29:12");
INSERT INTO cities VALUES("203","OUALMES VILLE","2022-05-09 01:29:12","2022-05-09 01:29:12");
INSERT INTO cities VALUES("204","OUARZAZAT","2022-05-09 01:29:12","2022-05-09 01:29:12");
INSERT INTO cities VALUES("205","OUAZZANE","2022-05-09 01:29:12","2022-05-09 01:29:12");
INSERT INTO cities VALUES("206","OUDAYA-MARRAKECH","2022-05-09 01:29:12","2022-05-09 01:29:12");
INSERT INTO cities VALUES("207","OUED AMLIL","2022-05-09 01:29:12","2022-05-09 01:29:12");
INSERT INTO cities VALUES("208","OUED LAOU","2022-05-09 01:29:12","2022-05-09 01:29:12");
INSERT INTO cities VALUES("209","OUED ZEM","2022-05-09 01:29:12","2022-05-09 01:29:12");
INSERT INTO cities VALUES("210","OUJDA","2022-05-09 01:29:12","2022-05-09 01:29:12");
INSERT INTO cities VALUES("211","OULAD AYAD","2022-05-09 01:29:12","2022-05-09 01:29:12");
INSERT INTO cities VALUES("212","OULAD BERHIL","2022-05-09 01:29:12","2022-05-09 01:29:12");
INSERT INTO cities VALUES("213","OULAD DAHOU","2022-05-09 01:29:12","2022-05-09 01:29:12");
INSERT INTO cities VALUES("214","OULAD JERRAR-TIZNIT","2022-05-09 01:29:12","2022-05-09 01:29:12");
INSERT INTO cities VALUES("215","OULAD SAID","2022-05-09 01:29:12","2022-05-09 01:29:12");
INSERT INTO cities VALUES("216","OULAD SAID-BENI MELLAL","2022-05-09 01:29:12","2022-05-09 01:29:12");
INSERT INTO cities VALUES("217","OULAD TEIMA","2022-05-09 01:29:12","2022-05-09 01:29:12");
INSERT INTO cities VALUES("218","OULAD ZMAM - BENI-MELLAL","2022-05-09 01:29:12","2022-05-09 01:29:12");
INSERT INTO cities VALUES("219","OULED BEN RAHMOUN","2022-05-09 01:29:12","2022-05-09 01:29:12");
INSERT INTO cities VALUES("220","OULED BOUTABET","2022-05-09 01:29:12","2022-05-09 01:29:12");
INSERT INTO cities VALUES("221","OURIKA-VILLE","2022-05-09 01:29:12","2022-05-09 01:29:12");
INSERT INTO cities VALUES("222","OUTAT EL HAJ","2022-05-09 01:29:12","2022-05-09 01:29:12");
INSERT INTO cities VALUES("223","PLAGE DAVID-BOUZNIKA","2022-05-09 01:29:12","2022-05-09 01:29:12");
INSERT INTO cities VALUES("224","RABAT","2022-05-09 01:29:12","2022-05-09 01:29:12");
INSERT INTO cities VALUES("225","RAS EL MA-FES","2022-05-09 01:29:12","2022-05-09 01:29:12");
INSERT INTO cities VALUES("226","RICHE-02","2022-05-09 01:29:12","2022-05-09 01:29:12");
INSERT INTO cities VALUES("227","RISSANI VILLE","2022-05-09 01:29:12","2022-05-09 01:29:12");
INSERT INTO cities VALUES("228","ROMMANI VILLE","2022-05-09 01:29:12","2022-05-09 01:29:12");
INSERT INTO cities VALUES("229","SAAIDIA","2022-05-09 01:29:12","2022-05-09 01:29:12");
INSERT INTO cities VALUES("230","SAFI","2022-05-09 01:29:12","2022-05-09 01:29:12");
INSERT INTO cities VALUES("231","SALE","2022-05-09 01:29:12","2022-05-09 01:29:12");
INSERT INTO cities VALUES("232","SALE EL JADIDA","2022-05-09 01:29:12","2022-05-09 01:29:12");
INSERT INTO cities VALUES("233","SBAA AYOUNE","2022-05-09 01:29:12","2022-05-09 01:29:12");
INSERT INTO cities VALUES("234","SEBT EL GUERDANE","2022-05-09 01:29:12","2022-05-09 01:29:12");
INSERT INTO cities VALUES("235","SEBT GZOULA","2022-05-09 01:29:12","2022-05-09 01:29:12");
INSERT INTO cities VALUES("236","SEFROU","2022-05-09 01:29:12","2022-05-09 01:29:12");
INSERT INTO cities VALUES("237","SEGANGAN","2022-05-09 01:29:12","2022-05-09 01:29:12");
INSERT INTO cities VALUES("238","SELOUANE","2022-05-09 01:29:12","2022-05-09 01:29:12");
INSERT INTO cities VALUES("239","SETTATE","2022-05-09 01:29:12","2022-05-09 01:29:12");
INSERT INTO cities VALUES("240","SID L MOKHTAR","2022-05-09 01:29:12","2022-05-09 01:29:12");
INSERT INTO cities VALUES("241","SID ZOUINE","2022-05-09 01:29:12","2022-05-09 01:29:12");
INSERT INTO cities VALUES("242","SIDI AISSA-BENI-MELLAL","2022-05-09 01:29:12","2022-05-09 01:29:12");
INSERT INTO cities VALUES("243","SIDI ALLAL EL BAHRAOUI","2022-05-09 01:29:12","2022-05-09 01:29:12");
INSERT INTO cities VALUES("244","SIDI ALLAL TAZI","2022-05-09 01:29:12","2022-05-09 01:29:12");
INSERT INTO cities VALUES("245","SIDI BENNOUR","2022-05-09 01:29:12","2022-05-09 01:29:12");
INSERT INTO cities VALUES("246","SIDI BOU OTHMANE-VILLE","2022-05-09 01:29:12","2022-05-09 01:29:12");
INSERT INTO cities VALUES("247","SIDI BOUZID","2022-05-09 01:29:12","2022-05-09 01:29:12");
INSERT INTO cities VALUES("248","SIDI EL AIDI","2022-05-09 01:29:12","2022-05-09 01:29:12");
INSERT INTO cities VALUES("249","SIDI GHIAT","2022-05-09 01:29:12","2022-05-09 01:29:12");
INSERT INTO cities VALUES("250","SIDI HAJJAJ SBIT","2022-05-09 01:29:12","2022-05-09 01:29:12");
INSERT INTO cities VALUES("251","SIDI HARAZEM","2022-05-09 01:29:12","2022-05-09 01:29:12");
INSERT INTO cities VALUES("252","SIDI IFNI","2022-05-09 01:29:12","2022-05-09 01:29:12");
INSERT INTO cities VALUES("253","SIDI KACEM","2022-05-09 01:29:12","2022-05-09 01:29:12");
INSERT INTO cities VALUES("254","SIDI KAOUKI","2022-05-09 01:29:12","2022-05-09 01:29:12");
INSERT INTO cities VALUES("255","SIDI RAHL","2022-05-09 01:29:12","2022-05-09 01:29:12");
INSERT INTO cities VALUES("256","SIDI RAHLE","2022-05-09 01:29:12","2022-05-09 01:29:12");
INSERT INTO cities VALUES("257","SIDI SLIMAN","2022-05-09 01:29:12","2022-05-09 01:29:12");
INSERT INTO cities VALUES("258","SIDI TAIBI","2022-05-09 01:29:12","2022-05-09 01:29:12");
INSERT INTO cities VALUES("259","SIDI YAHYA GHARB VILLE","2022-05-09 01:29:12","2022-05-09 01:29:12");
INSERT INTO cities VALUES("260","SIDI-BIBI","2022-05-09 01:29:12","2022-05-09 01:29:12");
INSERT INTO cities VALUES("261","SKHIRAT","2022-05-09 01:29:12","2022-05-09 01:29:12");
INSERT INTO cities VALUES("262","SKHOUR EL RAHMNA","2022-05-09 01:29:12","2022-05-09 01:29:12");
INSERT INTO cities VALUES("263","SOUIHLA-VILLE","2022-05-09 01:29:12","2022-05-09 01:29:12");
INSERT INTO cities VALUES("264","SOUIRIA","2022-05-09 01:29:12","2022-05-09 01:29:12");
INSERT INTO cities VALUES("265","SOUK LARBAA","2022-05-09 01:29:12","2022-05-09 01:29:12");
INSERT INTO cities VALUES("266","SOUK LARBAA VILLE","2022-05-09 01:29:12","2022-05-09 01:29:12");
INSERT INTO cities VALUES("267","SOUK SEBT OULAD NEMMA","2022-05-09 01:29:12","2022-05-09 01:29:12");
INSERT INTO cities VALUES("268","TADDART-TAZA","2022-05-09 01:29:12","2022-05-09 01:29:12");
INSERT INTO cities VALUES("269","TAFETACHTE ESSAOUIRA","2022-05-09 01:29:12","2022-05-09 01:29:12");
INSERT INTO cities VALUES("270","TAFOUGHALT","2022-05-09 01:29:12","2022-05-09 01:29:12");
INSERT INTO cities VALUES("271","TAFRAOUTE","2022-05-09 01:29:12","2022-05-09 01:29:12");
INSERT INTO cities VALUES("272","TAGHAZOUT","2022-05-09 01:29:12","2022-05-09 01:29:12");
INSERT INTO cities VALUES("273","TAGMOUT-TATA","2022-05-09 01:29:12","2022-05-09 01:29:12");
INSERT INTO cities VALUES("274","TAGOUNITE‬-ZAGORA","2022-05-09 01:29:12","2022-05-09 01:29:12");
INSERT INTO cities VALUES("275","TAHANAOUT-VILLE","2022-05-09 01:29:12","2022-05-09 01:29:12");
INSERT INTO cities VALUES("276","TAHLA","2022-05-09 01:29:12","2022-05-09 01:29:12");
INSERT INTO cities VALUES("277","TAMANSOURT-MARRAKECH","2022-05-09 01:29:12","2022-05-09 01:29:12");
INSERT INTO cities VALUES("278","TAMARIS","2022-05-09 01:29:12","2022-05-09 01:29:12");
INSERT INTO cities VALUES("279","TAMEGROUTE-ZAGORA","2022-05-09 01:29:12","2022-05-09 01:29:12");
INSERT INTO cities VALUES("280","TAMESLUHT- VILLE","2022-05-09 01:29:12","2022-05-09 01:29:12");
INSERT INTO cities VALUES("281","TAMESNA","2022-05-09 01:29:12","2022-05-09 01:29:12");
INSERT INTO cities VALUES("282","TAMRAGHT","2022-05-09 01:29:12","2022-05-09 01:29:12");
INSERT INTO cities VALUES("283","TAMRAGHT-AGADIR","2022-05-09 01:29:12","2022-05-09 01:29:12");
INSERT INTO cities VALUES("284","TAN TAN","2022-05-09 01:29:12","2022-05-09 01:29:12");
INSERT INTO cities VALUES("285","TANGER","2022-05-09 01:29:12","2022-05-09 01:29:12");
INSERT INTO cities VALUES("286","TANTAN","2022-05-09 01:29:12","2022-05-09 01:29:12");
INSERT INTO cities VALUES("287","TAOUNATE","2022-05-09 01:29:12","2022-05-09 01:29:12");
INSERT INTO cities VALUES("288","TAOURIRT","2022-05-09 01:29:12","2022-05-09 01:29:12");
INSERT INTO cities VALUES("289","TARFYA","2022-05-09 01:29:12","2022-05-09 01:29:12");
INSERT INTO cities VALUES("290","TARGUIST","2022-05-09 01:29:12","2022-05-09 01:29:12");
INSERT INTO cities VALUES("291","TAROUDANT","2022-05-09 01:29:12","2022-05-09 01:29:12");
INSERT INTO cities VALUES("292","TASSOULTANT-VILLE","2022-05-09 01:29:12","2022-05-09 01:29:12");
INSERT INTO cities VALUES("293","TATA","2022-05-09 01:29:12","2022-05-09 01:29:12");
INSERT INTO cities VALUES("294","TAWJTAT","2022-05-09 01:29:12","2022-05-09 01:29:12");
INSERT INTO cities VALUES("295","TAZA","2022-05-09 01:29:12","2022-05-09 01:29:12");
INSERT INTO cities VALUES("296","TAZNAKHT","2022-05-09 01:29:12","2022-05-09 01:29:12");
INSERT INTO cities VALUES("297","TEMARA","2022-05-09 01:29:12","2022-05-09 01:29:12");
INSERT INTO cities VALUES("298","TEMSIA-AGADIR","2022-05-09 01:29:12","2022-05-09 01:29:12");
INSERT INTO cities VALUES("299","TEROUAL - OUAZZANE","2022-05-09 01:29:12","2022-05-09 01:29:12");
INSERT INTO cities VALUES("300","TETOUAN","2022-05-09 01:29:12","2022-05-09 01:29:12");
INSERT INTO cities VALUES("301","TIFLET VILLE","2022-05-09 01:29:12","2022-05-09 01:29:12");
INSERT INTO cities VALUES("302","TIKIOUINE","2022-05-09 01:29:12","2022-05-09 01:29:12");
INSERT INTO cities VALUES("303","TIN MANSOUR","2022-05-09 01:29:12","2022-05-09 01:29:12");
INSERT INTO cities VALUES("304","TINEJDAD VILLE","2022-05-09 01:29:12","2022-05-09 01:29:12");
INSERT INTO cities VALUES("305","TINGHIR VILLE","2022-05-09 01:29:12","2022-05-09 01:29:12");
INSERT INTO cities VALUES("306","TISSINT-TATA","2022-05-09 01:29:12","2022-05-09 01:29:12");
INSERT INTO cities VALUES("307","TIT MELLIL","2022-05-09 01:29:12","2022-05-09 01:29:12");
INSERT INTO cities VALUES("308","TIZNIT","2022-05-09 01:29:12","2022-05-09 01:29:12");
INSERT INTO cities VALUES("309","TIZTOTIN-NADOR","2022-05-09 01:29:12","2022-05-09 01:29:12");
INSERT INTO cities VALUES("310","TLAT BOUARIS","2022-05-09 01:29:12","2022-05-09 01:29:12");
INSERT INTO cities VALUES("311","TNIN EL GHIATE-SAFI","2022-05-09 01:29:12","2022-05-09 01:29:12");
INSERT INTO cities VALUES("312","TNINE CHTOUKA","2022-05-09 01:29:12","2022-05-09 01:29:12");
INSERT INTO cities VALUES("313","TNINE GHARBIA","2022-05-09 01:29:12","2022-05-09 01:29:12");
INSERT INTO cities VALUES("314","TOHMO AGADIR","2022-05-09 01:29:12","2022-05-09 01:29:12");
INSERT INTO cities VALUES("315","WALIDIA","2022-05-09 01:29:12","2022-05-09 01:29:12");
INSERT INTO cities VALUES("316","YOUSSOFIA","2022-05-09 01:29:12","2022-05-09 01:29:12");
INSERT INTO cities VALUES("317","YOUSSOUFIA","2022-05-09 01:29:12","2022-05-09 01:29:12");
INSERT INTO cities VALUES("318","ZAGORA","2022-05-09 01:29:12","2022-05-09 01:29:12");
INSERT INTO cities VALUES("319","ZAIDA","2022-05-09 01:29:12","2022-05-09 01:29:12");
INSERT INTO cities VALUES("320","ZAOUIAT CHEIKH","2022-05-09 01:29:12","2022-05-09 01:29:12");
INSERT INTO cities VALUES("321","ZAOUIT SIDI SMAIL","2022-05-09 01:29:12","2022-05-09 01:29:12");
INSERT INTO cities VALUES("322","ZAYOU","2022-05-09 01:29:12","2022-05-09 01:29:12");
INSERT INTO cities VALUES("323","ZOUMI-OUAZZANE","2022-05-09 01:29:12","2022-05-09 01:29:12");



CREATE TABLE `coupons` (
  `id` int(10) unsigned NOT NULL AUTO_INCREMENT,
  `code` varchar(191) COLLATE utf8mb4_unicode_ci NOT NULL,
  `type` varchar(191) COLLATE utf8mb4_unicode_ci NOT NULL,
  `amount` double NOT NULL,
  `minimum_amount` double DEFAULT NULL,
  `quantity` int(11) NOT NULL,
  `used` int(11) NOT NULL,
  `expired_date` date NOT NULL,
  `user_id` int(11) NOT NULL,
  `is_active` tinyint(1) NOT NULL,
  `created_at` timestamp NULL DEFAULT NULL,
  `updated_at` timestamp NULL DEFAULT NULL,
  PRIMARY KEY (`id`)
) ENGINE=InnoDB DEFAULT CHARSET=utf8mb4 COLLATE=utf8mb4_unicode_ci;




CREATE TABLE `currencies` (
  `id` bigint(20) unsigned NOT NULL AUTO_INCREMENT,
  `name` varchar(191) COLLATE utf8mb4_unicode_ci NOT NULL,
  `code` varchar(191) COLLATE utf8mb4_unicode_ci NOT NULL,
  `exchange_rate` double NOT NULL,
  `created_at` timestamp NULL DEFAULT NULL,
  `updated_at` timestamp NULL DEFAULT NULL,
  PRIMARY KEY (`id`)
) ENGINE=InnoDB AUTO_INCREMENT=3 DEFAULT CHARSET=utf8mb4 COLLATE=utf8mb4_unicode_ci;

INSERT INTO currencies VALUES("2","Dirham","DHS","1","2020-11-01 01:29:12","2022-01-02 15:06:53");



CREATE TABLE `customer_groups` (
  `id` int(10) unsigned NOT NULL AUTO_INCREMENT,
  `name` varchar(191) COLLATE utf8mb4_unicode_ci NOT NULL,
  `percentage` varchar(191) COLLATE utf8mb4_unicode_ci NOT NULL,
  `is_active` tinyint(1) DEFAULT NULL,
  `created_at` timestamp NULL DEFAULT NULL,
  `updated_at` timestamp NULL DEFAULT NULL,
  PRIMARY KEY (`id`)
) ENGINE=InnoDB DEFAULT CHARSET=utf8mb4 COLLATE=utf8mb4_unicode_ci;




CREATE TABLE `customers` (
  `id` int(10) unsigned NOT NULL AUTO_INCREMENT,
  `customer_group_id` int(11) NOT NULL,
  `user_id` int(11) DEFAULT NULL,
  `created_by` int(11) NOT NULL,
  `name` varchar(191) COLLATE utf8mb4_unicode_ci NOT NULL,
  `company_name` varchar(191) COLLATE utf8mb4_unicode_ci DEFAULT NULL,
  `email` varchar(191) COLLATE utf8mb4_unicode_ci DEFAULT NULL,
  `phone_number` varchar(191) COLLATE utf8mb4_unicode_ci NOT NULL,
  `tax_no` varchar(191) COLLATE utf8mb4_unicode_ci DEFAULT NULL,
  `address` varchar(191) COLLATE utf8mb4_unicode_ci NOT NULL,
  `city` varchar(191) COLLATE utf8mb4_unicode_ci NOT NULL,
  `state` varchar(191) COLLATE utf8mb4_unicode_ci DEFAULT NULL,
  `postal_code` varchar(191) COLLATE utf8mb4_unicode_ci DEFAULT NULL,
  `country` varchar(191) COLLATE utf8mb4_unicode_ci DEFAULT NULL,
  `deposit` double DEFAULT NULL,
  `expense` double DEFAULT NULL,
  `is_active` tinyint(1) DEFAULT NULL,
  `created_at` timestamp NULL DEFAULT NULL,
  `updated_at` timestamp NULL DEFAULT NULL,
  PRIMARY KEY (`id`)
) ENGINE=InnoDB DEFAULT CHARSET=utf8mb4 COLLATE=utf8mb4_unicode_ci;




CREATE TABLE `deliveries` (
  `id` int(10) unsigned NOT NULL AUTO_INCREMENT,
  `reference_no` varchar(191) COLLATE utf8mb4_unicode_ci NOT NULL,
  `sale_id` int(11) NOT NULL,
  `user_id` int(11) DEFAULT NULL,
  `sold_by` int(11) DEFAULT NULL,
  `address` text COLLATE utf8mb4_unicode_ci NOT NULL,
  `packing` varchar(191) COLLATE utf8mb4_unicode_ci DEFAULT NULL,
  `pickup` varchar(191) COLLATE utf8mb4_unicode_ci DEFAULT NULL,
  `delivering` varchar(191) COLLATE utf8mb4_unicode_ci DEFAULT NULL,
  `delivered` varchar(191) COLLATE utf8mb4_unicode_ci DEFAULT NULL,
  `delivered_by` varchar(191) COLLATE utf8mb4_unicode_ci DEFAULT NULL,
  `recieved_by` varchar(191) COLLATE utf8mb4_unicode_ci DEFAULT NULL,
  `file` varchar(191) COLLATE utf8mb4_unicode_ci DEFAULT NULL,
  `note` varchar(191) COLLATE utf8mb4_unicode_ci DEFAULT NULL,
  `status` varchar(191) COLLATE utf8mb4_unicode_ci NOT NULL,
  `created_at` timestamp NULL DEFAULT NULL,
  `updated_at` timestamp NULL DEFAULT NULL,
  PRIMARY KEY (`id`)
) ENGINE=InnoDB DEFAULT CHARSET=utf8mb4 COLLATE=utf8mb4_unicode_ci;




CREATE TABLE `departments` (
  `id` int(10) unsigned NOT NULL AUTO_INCREMENT,
  `name` varchar(191) COLLATE utf8mb4_unicode_ci NOT NULL,
  `is_active` tinyint(1) NOT NULL,
  `created_at` timestamp NULL DEFAULT NULL,
  `updated_at` timestamp NULL DEFAULT NULL,
  PRIMARY KEY (`id`)
) ENGINE=InnoDB DEFAULT CHARSET=utf8mb4 COLLATE=utf8mb4_unicode_ci;




CREATE TABLE `deposits` (
  `id` int(10) unsigned NOT NULL AUTO_INCREMENT,
  `amount` double NOT NULL,
  `customer_id` int(11) NOT NULL,
  `user_id` int(11) NOT NULL,
  `note` text COLLATE utf8mb4_unicode_ci,
  `created_at` timestamp NULL DEFAULT NULL,
  `updated_at` timestamp NULL DEFAULT NULL,
  PRIMARY KEY (`id`)
) ENGINE=InnoDB DEFAULT CHARSET=utf8mb4 COLLATE=utf8mb4_unicode_ci;




CREATE TABLE `employees` (
  `id` int(10) unsigned NOT NULL AUTO_INCREMENT,
  `name` varchar(191) COLLATE utf8mb4_unicode_ci NOT NULL,
  `email` varchar(191) COLLATE utf8mb4_unicode_ci NOT NULL,
  `phone_number` varchar(191) COLLATE utf8mb4_unicode_ci NOT NULL,
  `department_id` int(11) NOT NULL,
  `user_id` int(11) DEFAULT NULL,
  `image` varchar(191) COLLATE utf8mb4_unicode_ci DEFAULT NULL,
  `address` varchar(191) COLLATE utf8mb4_unicode_ci DEFAULT NULL,
  `city` varchar(191) COLLATE utf8mb4_unicode_ci DEFAULT NULL,
  `country` varchar(191) COLLATE utf8mb4_unicode_ci DEFAULT NULL,
  `is_active` tinyint(1) NOT NULL,
  `created_at` timestamp NULL DEFAULT NULL,
  `updated_at` timestamp NULL DEFAULT NULL,
  PRIMARY KEY (`id`)
) ENGINE=InnoDB DEFAULT CHARSET=utf8mb4 COLLATE=utf8mb4_unicode_ci;




CREATE TABLE `expense_categories` (
  `id` int(10) unsigned NOT NULL AUTO_INCREMENT,
  `code` varchar(191) COLLATE utf8mb4_unicode_ci NOT NULL,
  `name` varchar(191) COLLATE utf8mb4_unicode_ci NOT NULL,
  `is_active` tinyint(1) NOT NULL,
  `created_at` timestamp NULL DEFAULT NULL,
  `updated_at` timestamp NULL DEFAULT NULL,
  PRIMARY KEY (`id`)
) ENGINE=InnoDB DEFAULT CHARSET=utf8mb4 COLLATE=utf8mb4_unicode_ci;




CREATE TABLE `expenses` (
  `id` int(10) unsigned NOT NULL AUTO_INCREMENT,
  `reference_no` varchar(191) COLLATE utf8mb4_unicode_ci NOT NULL,
  `expense_category_id` int(11) NOT NULL,
  `warehouse_id` int(11) NOT NULL,
  `account_id` int(11) NOT NULL,
  `user_id` int(11) NOT NULL,
  `cash_register_id` int(11) DEFAULT NULL,
  `amount` double NOT NULL,
  `note` text COLLATE utf8mb4_unicode_ci,
  `created_at` timestamp NULL DEFAULT NULL,
  `updated_at` timestamp NULL DEFAULT NULL,
  PRIMARY KEY (`id`)
) ENGINE=InnoDB DEFAULT CHARSET=utf8mb4 COLLATE=utf8mb4_unicode_ci;




CREATE TABLE `failed_jobs` (
  `id` bigint(20) unsigned NOT NULL AUTO_INCREMENT,
  `connection` text COLLATE utf8mb4_unicode_ci NOT NULL,
  `queue` text COLLATE utf8mb4_unicode_ci NOT NULL,
  `payload` longtext COLLATE utf8mb4_unicode_ci NOT NULL,
  `exception` longtext COLLATE utf8mb4_unicode_ci NOT NULL,
  `failed_at` timestamp NOT NULL DEFAULT CURRENT_TIMESTAMP,
  PRIMARY KEY (`id`)
) ENGINE=InnoDB DEFAULT CHARSET=utf8mb4 COLLATE=utf8mb4_unicode_ci;




CREATE TABLE `general_settings` (
  `id` int(10) unsigned NOT NULL AUTO_INCREMENT,
  `site_title` varchar(191) COLLATE utf8mb4_unicode_ci NOT NULL,
  `site_logo` varchar(191) COLLATE utf8mb4_unicode_ci DEFAULT NULL,
  `currency` varchar(191) COLLATE utf8mb4_unicode_ci NOT NULL,
  `livraison` int(11) NOT NULL,
  `min_withdraw` int(11) NOT NULL,
  `staff_access` varchar(191) COLLATE utf8mb4_unicode_ci NOT NULL,
  `date_format` varchar(191) COLLATE utf8mb4_unicode_ci NOT NULL,
  `developed_by` varchar(191) COLLATE utf8mb4_unicode_ci DEFAULT NULL,
  `invoice_format` varchar(191) COLLATE utf8mb4_unicode_ci DEFAULT NULL,
  `state` int(11) DEFAULT NULL,
  `theme` varchar(191) COLLATE utf8mb4_unicode_ci NOT NULL,
  `created_at` timestamp NULL DEFAULT NULL,
  `updated_at` timestamp NULL DEFAULT NULL,
  `currency_position` varchar(191) COLLATE utf8mb4_unicode_ci NOT NULL,
  PRIMARY KEY (`id`)
) ENGINE=InnoDB AUTO_INCREMENT=2 DEFAULT CHARSET=utf8mb4 COLLATE=utf8mb4_unicode_ci;

INSERT INTO general_settings VALUES("1","YoVente","20220102040718.png","2","50","500","own","d-m-Y","T@R!K","standard","1","default.css","2018-07-06 07:13:11","2022-02-17 08:57:21","suffix");



CREATE TABLE `gift_card_recharges` (
  `id` int(10) unsigned NOT NULL AUTO_INCREMENT,
  `gift_card_id` int(11) NOT NULL,
  `amount` double NOT NULL,
  `user_id` int(11) NOT NULL,
  `created_at` timestamp NULL DEFAULT NULL,
  `updated_at` timestamp NULL DEFAULT NULL,
  PRIMARY KEY (`id`)
) ENGINE=InnoDB DEFAULT CHARSET=utf8mb4 COLLATE=utf8mb4_unicode_ci;




CREATE TABLE `gift_cards` (
  `id` int(10) unsigned NOT NULL AUTO_INCREMENT,
  `card_no` varchar(191) COLLATE utf8mb4_unicode_ci NOT NULL,
  `amount` double NOT NULL,
  `expense` double NOT NULL,
  `customer_id` int(11) DEFAULT NULL,
  `user_id` int(11) DEFAULT NULL,
  `expired_date` date DEFAULT NULL,
  `created_by` int(11) NOT NULL,
  `is_active` tinyint(1) NOT NULL,
  `created_at` timestamp NULL DEFAULT NULL,
  `updated_at` timestamp NULL DEFAULT NULL,
  PRIMARY KEY (`id`)
) ENGINE=InnoDB DEFAULT CHARSET=utf8mb4 COLLATE=utf8mb4_unicode_ci;




CREATE TABLE `holidays` (
  `id` int(10) unsigned NOT NULL AUTO_INCREMENT,
  `user_id` int(11) NOT NULL,
  `from_date` date NOT NULL,
  `to_date` date NOT NULL,
  `note` text COLLATE utf8mb4_unicode_ci,
  `is_approved` tinyint(1) NOT NULL,
  `created_at` timestamp NULL DEFAULT NULL,
  `updated_at` timestamp NULL DEFAULT NULL,
  PRIMARY KEY (`id`)
) ENGINE=InnoDB DEFAULT CHARSET=utf8mb4 COLLATE=utf8mb4_unicode_ci;




CREATE TABLE `hrm_settings` (
  `id` int(10) unsigned NOT NULL AUTO_INCREMENT,
  `checkin` varchar(191) COLLATE utf8mb4_unicode_ci NOT NULL,
  `checkout` varchar(191) COLLATE utf8mb4_unicode_ci NOT NULL,
  `created_at` timestamp NULL DEFAULT NULL,
  `updated_at` timestamp NULL DEFAULT NULL,
  PRIMARY KEY (`id`)
) ENGINE=InnoDB DEFAULT CHARSET=utf8mb4 COLLATE=utf8mb4_unicode_ci;




CREATE TABLE `languages` (
  `id` int(10) unsigned NOT NULL AUTO_INCREMENT,
  `code` varchar(191) COLLATE utf8mb4_unicode_ci NOT NULL,
  `created_at` timestamp NULL DEFAULT NULL,
  `updated_at` timestamp NULL DEFAULT NULL,
  PRIMARY KEY (`id`)
) ENGINE=InnoDB AUTO_INCREMENT=2 DEFAULT CHARSET=utf8mb4 COLLATE=utf8mb4_unicode_ci;

INSERT INTO languages VALUES("1","en","2018-07-07 23:59:17","2019-12-24 17:34:20");



CREATE TABLE `migrations` (
  `id` int(10) unsigned NOT NULL AUTO_INCREMENT,
  `migration` varchar(191) COLLATE utf8mb4_unicode_ci NOT NULL,
  `batch` int(11) NOT NULL,
  PRIMARY KEY (`id`)
) ENGINE=InnoDB AUTO_INCREMENT=157 DEFAULT CHARSET=utf8mb4 COLLATE=utf8mb4_unicode_ci;

INSERT INTO migrations VALUES("1","2014_10_12_000000_create_users_table","1");
INSERT INTO migrations VALUES("2","2014_10_12_100000_create_password_resets_table","1");
INSERT INTO migrations VALUES("3","2018_02_17_060412_create_categories_table","1");
INSERT INTO migrations VALUES("4","2018_02_20_035727_create_brands_table","1");
INSERT INTO migrations VALUES("5","2018_02_25_100635_create_suppliers_table","1");
INSERT INTO migrations VALUES("6","2018_02_27_101619_create_warehouse_table","1");
INSERT INTO migrations VALUES("7","2018_03_03_040448_create_units_table","1");
INSERT INTO migrations VALUES("8","2018_03_04_041317_create_taxes_table","1");
INSERT INTO migrations VALUES("9","2018_03_10_061915_create_customer_groups_table","1");
INSERT INTO migrations VALUES("10","2018_03_10_090534_create_customers_table","1");
INSERT INTO migrations VALUES("11","2018_03_11_095547_create_billers_table","1");
INSERT INTO migrations VALUES("12","2018_04_05_054401_create_products_table","1");
INSERT INTO migrations VALUES("13","2018_04_06_133606_create_purchases_table","1");
INSERT INTO migrations VALUES("14","2018_04_06_154600_create_product_purchases_table","1");
INSERT INTO migrations VALUES("15","2018_04_06_154915_create_product_warhouse_table","1");
INSERT INTO migrations VALUES("16","2018_04_10_085927_create_sales_table","1");
INSERT INTO migrations VALUES("17","2018_04_10_090133_create_product_sales_table","1");
INSERT INTO migrations VALUES("18","2018_04_10_090254_create_payments_table","1");
INSERT INTO migrations VALUES("19","2018_04_10_090341_create_payment_with_cheque_table","1");
INSERT INTO migrations VALUES("20","2018_04_10_090509_create_payment_with_credit_card_table","1");
INSERT INTO migrations VALUES("21","2018_04_13_121436_create_quotation_table","1");
INSERT INTO migrations VALUES("22","2018_04_13_122324_create_product_quotation_table","1");
INSERT INTO migrations VALUES("23","2018_04_14_121802_create_transfers_table","1");
INSERT INTO migrations VALUES("24","2018_04_14_121913_create_product_transfer_table","1");
INSERT INTO migrations VALUES("25","2018_05_13_082847_add_payment_id_and_change_sale_id_to_payments_table","2");
INSERT INTO migrations VALUES("26","2018_05_13_090906_change_customer_id_to_payment_with_credit_card_table","3");
INSERT INTO migrations VALUES("27","2018_05_20_054532_create_adjustments_table","4");
INSERT INTO migrations VALUES("28","2018_05_20_054859_create_product_adjustments_table","4");
INSERT INTO migrations VALUES("29","2018_05_21_163419_create_returns_table","5");
INSERT INTO migrations VALUES("30","2018_05_21_163443_create_product_returns_table","5");
INSERT INTO migrations VALUES("31","2018_06_02_050905_create_roles_table","6");
INSERT INTO migrations VALUES("32","2018_06_02_073430_add_columns_to_users_table","7");
INSERT INTO migrations VALUES("33","2018_06_03_053738_create_permission_tables","8");
INSERT INTO migrations VALUES("36","2018_06_21_063736_create_pos_setting_table","9");
INSERT INTO migrations VALUES("37","2018_06_21_094155_add_user_id_to_sales_table","10");
INSERT INTO migrations VALUES("38","2018_06_21_101529_add_user_id_to_purchases_table","11");
INSERT INTO migrations VALUES("39","2018_06_21_103512_add_user_id_to_transfers_table","12");
INSERT INTO migrations VALUES("40","2018_06_23_061058_add_user_id_to_quotations_table","13");
INSERT INTO migrations VALUES("41","2018_06_23_082427_add_is_deleted_to_users_table","14");
INSERT INTO migrations VALUES("42","2018_06_25_043308_change_email_to_users_table","15");
INSERT INTO migrations VALUES("43","2018_07_06_115449_create_general_settings_table","16");
INSERT INTO migrations VALUES("44","2018_07_08_043944_create_languages_table","17");
INSERT INTO migrations VALUES("45","2018_07_11_102144_add_user_id_to_returns_table","18");
INSERT INTO migrations VALUES("46","2018_07_11_102334_add_user_id_to_payments_table","18");
INSERT INTO migrations VALUES("47","2018_07_22_130541_add_digital_to_products_table","19");
INSERT INTO migrations VALUES("49","2018_07_24_154250_create_deliveries_table","20");
INSERT INTO migrations VALUES("50","2018_08_16_053336_create_expense_categories_table","21");
INSERT INTO migrations VALUES("51","2018_08_17_115415_create_expenses_table","22");
INSERT INTO migrations VALUES("55","2018_08_18_050418_create_gift_cards_table","23");
INSERT INTO migrations VALUES("56","2018_08_19_063119_create_payment_with_gift_card_table","24");
INSERT INTO migrations VALUES("57","2018_08_25_042333_create_gift_card_recharges_table","25");
INSERT INTO migrations VALUES("58","2018_08_25_101354_add_deposit_expense_to_customers_table","26");
INSERT INTO migrations VALUES("59","2018_08_26_043801_create_deposits_table","27");
INSERT INTO migrations VALUES("60","2018_09_02_044042_add_keybord_active_to_pos_setting_table","28");
INSERT INTO migrations VALUES("61","2018_09_09_092713_create_payment_with_paypal_table","29");
INSERT INTO migrations VALUES("62","2018_09_10_051254_add_currency_to_general_settings_table","30");
INSERT INTO migrations VALUES("63","2018_10_22_084118_add_biller_and_store_id_to_users_table","31");
INSERT INTO migrations VALUES("65","2018_10_26_034927_create_coupons_table","32");
INSERT INTO migrations VALUES("66","2018_10_27_090857_add_coupon_to_sales_table","33");
INSERT INTO migrations VALUES("67","2018_11_07_070155_add_currency_position_to_general_settings_table","34");
INSERT INTO migrations VALUES("68","2018_11_19_094650_add_combo_to_products_table","35");
INSERT INTO migrations VALUES("69","2018_12_09_043712_create_accounts_table","36");
INSERT INTO migrations VALUES("70","2018_12_17_112253_add_is_default_to_accounts_table","37");
INSERT INTO migrations VALUES("71","2018_12_19_103941_add_account_id_to_payments_table","38");
INSERT INTO migrations VALUES("72","2018_12_20_065900_add_account_id_to_expenses_table","39");
INSERT INTO migrations VALUES("73","2018_12_20_082753_add_account_id_to_returns_table","40");
INSERT INTO migrations VALUES("74","2018_12_26_064330_create_return_purchases_table","41");
INSERT INTO migrations VALUES("75","2018_12_26_144210_create_purchase_product_return_table","42");
INSERT INTO migrations VALUES("76","2018_12_26_144708_create_purchase_product_return_table","43");
INSERT INTO migrations VALUES("77","2018_12_27_110018_create_departments_table","44");
INSERT INTO migrations VALUES("78","2018_12_30_054844_create_employees_table","45");
INSERT INTO migrations VALUES("79","2018_12_31_125210_create_payrolls_table","46");
INSERT INTO migrations VALUES("80","2018_12_31_150446_add_department_id_to_employees_table","47");
INSERT INTO migrations VALUES("81","2019_01_01_062708_add_user_id_to_expenses_table","48");
INSERT INTO migrations VALUES("82","2019_01_02_075644_create_hrm_settings_table","49");
INSERT INTO migrations VALUES("83","2019_01_02_090334_create_attendances_table","50");
INSERT INTO migrations VALUES("84","2019_01_27_160956_add_three_columns_to_general_settings_table","51");
INSERT INTO migrations VALUES("85","2019_02_15_183303_create_stock_counts_table","52");
INSERT INTO migrations VALUES("86","2019_02_17_101604_add_is_adjusted_to_stock_counts_table","53");
INSERT INTO migrations VALUES("87","2019_04_13_101707_add_tax_no_to_customers_table","54");
INSERT INTO migrations VALUES("89","2019_10_14_111455_create_holidays_table","55");
INSERT INTO migrations VALUES("90","2019_11_13_145619_add_is_variant_to_products_table","56");
INSERT INTO migrations VALUES("91","2019_11_13_150206_create_product_variants_table","57");
INSERT INTO migrations VALUES("92","2019_11_13_153828_create_variants_table","57");
INSERT INTO migrations VALUES("93","2019_11_25_134041_add_qty_to_product_variants_table","58");
INSERT INTO migrations VALUES("94","2019_11_25_134922_add_variant_id_to_product_purchases_table","58");
INSERT INTO migrations VALUES("95","2019_11_25_145341_add_variant_id_to_product_warehouse_table","58");
INSERT INTO migrations VALUES("96","2019_11_29_182201_add_variant_id_to_product_sales_table","59");
INSERT INTO migrations VALUES("97","2019_12_04_121311_add_variant_id_to_product_quotation_table","60");
INSERT INTO migrations VALUES("98","2019_12_05_123802_add_variant_id_to_product_transfer_table","61");
INSERT INTO migrations VALUES("100","2019_12_08_114954_add_variant_id_to_product_returns_table","62");
INSERT INTO migrations VALUES("101","2019_12_08_203146_add_variant_id_to_purchase_product_return_table","63");
INSERT INTO migrations VALUES("102","2020_02_28_103340_create_money_transfers_table","64");
INSERT INTO migrations VALUES("103","2020_07_01_193151_add_image_to_categories_table","65");
INSERT INTO migrations VALUES("105","2020_09_26_130426_add_user_id_to_deliveries_table","66");
INSERT INTO migrations VALUES("107","2020_10_11_125457_create_cash_registers_table","67");
INSERT INTO migrations VALUES("108","2020_10_13_155019_add_cash_register_id_to_sales_table","68");
INSERT INTO migrations VALUES("109","2020_10_13_172624_add_cash_register_id_to_returns_table","69");
INSERT INTO migrations VALUES("110","2020_10_17_212338_add_cash_register_id_to_payments_table","70");
INSERT INTO migrations VALUES("111","2020_10_18_124200_add_cash_register_id_to_expenses_table","71");
INSERT INTO migrations VALUES("112","2020_10_21_121632_add_developed_by_to_general_settings_table","72");
INSERT INTO migrations VALUES("113","2019_08_19_000000_create_failed_jobs_table","73");
INSERT INTO migrations VALUES("114","2020_10_30_135557_create_notifications_table","73");
INSERT INTO migrations VALUES("115","2020_11_01_044954_create_currencies_table","74");
INSERT INTO migrations VALUES("116","2020_11_01_140736_add_price_to_product_warehouse_table","75");
INSERT INTO migrations VALUES("117","2020_11_02_050633_add_is_diff_price_to_products_table","76");
INSERT INTO migrations VALUES("118","2020_11_09_055222_add_user_id_to_customers_table","77");
INSERT INTO migrations VALUES("119","2020_11_17_054806_add_invoice_format_to_general_settings_table","78");
INSERT INTO migrations VALUES("120","2021_02_10_074859_add_variant_id_to_product_adjustments_table","79");
INSERT INTO migrations VALUES("121","2021_03_07_093606_create_product_batches_table","80");
INSERT INTO migrations VALUES("122","2021_03_07_093759_add_product_batch_id_to_product_warehouse_table","80");
INSERT INTO migrations VALUES("123","2021_03_07_093900_add_product_batch_id_to_product_purchases_table","80");
INSERT INTO migrations VALUES("124","2021_03_11_132603_add_product_batch_id_to_product_sales_table","81");
INSERT INTO migrations VALUES("127","2021_03_25_125421_add_is_batch_to_products_table","82");
INSERT INTO migrations VALUES("128","2021_05_19_120127_add_product_batch_id_to_product_returns_table","82");
INSERT INTO migrations VALUES("130","2021_05_22_105611_add_product_batch_id_to_purchase_product_return_table","83");
INSERT INTO migrations VALUES("131","2021_05_23_124848_add_product_batch_id_to_product_transfer_table","84");
INSERT INTO migrations VALUES("132","2021_05_26_153106_add_product_batch_id_to_product_quotation_table","85");
INSERT INTO migrations VALUES("134","2022_01_03_205841_add_livraison_to_general_settings_table","86");
INSERT INTO migrations VALUES("135","2022_01_06_181753_add_livraison_to_sales_table","87");
INSERT INTO migrations VALUES("136","2022_01_06_182916_add_original_price_to_product_sales_table","88");
INSERT INTO migrations VALUES("142","2022_01_16_181335_add_packing_delivering_delivered_to_deliveries_table","89");
INSERT INTO migrations VALUES("143","2022_01_31_113821_add_fullname_to_users_table","90");
INSERT INTO migrations VALUES("144","2022_02_02_095123_add_bank_settings_to_users_table","91");
INSERT INTO migrations VALUES("146","2022_02_02_105659_add_created_by_to_customers_table","92");
INSERT INTO migrations VALUES("148","2022_02_03_093218_add_min_withdraw_to_general_settings_table","93");
INSERT INTO migrations VALUES("149","2022_02_03_101436_create_withdraws_table","94");
INSERT INTO migrations VALUES("150","2022_02_04_174247_rename_withdraws_table","95");
INSERT INTO migrations VALUES("152","2022_02_04_212528_add_is_paid_to_withdrawals_table","96");
INSERT INTO migrations VALUES("153","2022_02_09_202841_add_is_valide_to_sales_table","97");
INSERT INTO migrations VALUES("154","2022_05_09_220616_create_cities_table","98");
INSERT INTO migrations VALUES("155","2022_05_16_092535_add_customer_data_to_sales_table","99");
INSERT INTO migrations VALUES("156","2022_05_16_094339_remove_fields_to_sales_table","100");



CREATE TABLE `money_transfers` (
  `id` int(10) unsigned NOT NULL AUTO_INCREMENT,
  `reference_no` varchar(191) COLLATE utf8mb4_unicode_ci NOT NULL,
  `from_account_id` int(11) NOT NULL,
  `to_account_id` int(11) NOT NULL,
  `amount` double NOT NULL,
  `created_at` timestamp NULL DEFAULT NULL,
  `updated_at` timestamp NULL DEFAULT NULL,
  PRIMARY KEY (`id`)
) ENGINE=InnoDB DEFAULT CHARSET=utf8mb4 COLLATE=utf8mb4_unicode_ci;




CREATE TABLE `notifications` (
  `id` char(36) COLLATE utf8mb4_unicode_ci NOT NULL,
  `type` varchar(191) COLLATE utf8mb4_unicode_ci NOT NULL,
  `notifiable_type` varchar(191) COLLATE utf8mb4_unicode_ci NOT NULL,
  `notifiable_id` bigint(20) unsigned NOT NULL,
  `data` text COLLATE utf8mb4_unicode_ci NOT NULL,
  `read_at` timestamp NULL DEFAULT NULL,
  `created_at` timestamp NULL DEFAULT NULL,
  `updated_at` timestamp NULL DEFAULT NULL,
  PRIMARY KEY (`id`),
  KEY `notifications_notifiable_type_notifiable_id_index` (`notifiable_type`,`notifiable_id`)
) ENGINE=InnoDB DEFAULT CHARSET=utf8mb4 COLLATE=utf8mb4_unicode_ci;




CREATE TABLE `password_resets` (
  `email` varchar(191) COLLATE utf8mb4_unicode_ci NOT NULL,
  `token` varchar(191) COLLATE utf8mb4_unicode_ci NOT NULL,
  `created_at` timestamp NULL DEFAULT NULL,
  KEY `password_resets_email_index` (`email`)
) ENGINE=InnoDB DEFAULT CHARSET=utf8mb4 COLLATE=utf8mb4_unicode_ci;




CREATE TABLE `payment_with_cheque` (
  `id` int(10) unsigned NOT NULL AUTO_INCREMENT,
  `payment_id` int(11) NOT NULL,
  `cheque_no` varchar(191) COLLATE utf8mb4_unicode_ci NOT NULL,
  `created_at` timestamp NULL DEFAULT NULL,
  `updated_at` timestamp NULL DEFAULT NULL,
  PRIMARY KEY (`id`)
) ENGINE=InnoDB DEFAULT CHARSET=utf8mb4 COLLATE=utf8mb4_unicode_ci;




CREATE TABLE `payment_with_credit_card` (
  `id` int(10) unsigned NOT NULL AUTO_INCREMENT,
  `payment_id` int(11) NOT NULL,
  `customer_id` int(11) DEFAULT NULL,
  `customer_stripe_id` varchar(191) COLLATE utf8mb4_unicode_ci DEFAULT NULL,
  `charge_id` varchar(191) COLLATE utf8mb4_unicode_ci NOT NULL,
  `created_at` timestamp NULL DEFAULT NULL,
  `updated_at` timestamp NULL DEFAULT NULL,
  PRIMARY KEY (`id`)
) ENGINE=InnoDB DEFAULT CHARSET=utf8mb4 COLLATE=utf8mb4_unicode_ci;




CREATE TABLE `payment_with_gift_card` (
  `id` int(10) unsigned NOT NULL AUTO_INCREMENT,
  `payment_id` int(11) NOT NULL,
  `gift_card_id` int(11) NOT NULL,
  `created_at` timestamp NULL DEFAULT NULL,
  `updated_at` timestamp NULL DEFAULT NULL,
  PRIMARY KEY (`id`)
) ENGINE=InnoDB DEFAULT CHARSET=utf8mb4 COLLATE=utf8mb4_unicode_ci;




CREATE TABLE `payment_with_paypal` (
  `id` int(10) unsigned NOT NULL AUTO_INCREMENT,
  `payment_id` int(11) NOT NULL,
  `transaction_id` varchar(191) COLLATE utf8mb4_unicode_ci NOT NULL,
  `created_at` timestamp NULL DEFAULT NULL,
  `updated_at` timestamp NULL DEFAULT NULL,
  PRIMARY KEY (`id`)
) ENGINE=InnoDB DEFAULT CHARSET=utf8mb4 COLLATE=utf8mb4_unicode_ci;




CREATE TABLE `payments` (
  `id` int(10) unsigned NOT NULL AUTO_INCREMENT,
  `payment_reference` varchar(191) COLLATE utf8mb4_unicode_ci NOT NULL,
  `user_id` int(11) NOT NULL,
  `purchase_id` int(11) DEFAULT NULL,
  `sale_id` int(11) DEFAULT NULL,
  `cash_register_id` int(11) DEFAULT NULL,
  `account_id` int(11) DEFAULT NULL,
  `amount` double NOT NULL,
  `change` double NOT NULL,
  `paying_method` varchar(191) COLLATE utf8mb4_unicode_ci NOT NULL,
  `payment_note` text COLLATE utf8mb4_unicode_ci,
  `created_at` timestamp NULL DEFAULT NULL,
  `updated_at` timestamp NULL DEFAULT NULL,
  PRIMARY KEY (`id`)
) ENGINE=InnoDB AUTO_INCREMENT=4 DEFAULT CHARSET=utf8mb4 COLLATE=utf8mb4_unicode_ci;

INSERT INTO payments VALUES("1","ppr-20220516-101649","1","3","","","1","3500","0","Cash","","2022-05-16 10:16:49","2022-05-16 10:16:49");
INSERT INTO payments VALUES("2","ppr-20220516-101934","1","4","","","1","5000","0","Cash","","2022-05-16 10:19:34","2022-05-16 10:19:34");
INSERT INTO payments VALUES("3","ppr-20220516-101946","1","5","","","1","6000","0","Cash","","2022-05-16 10:19:46","2022-05-16 10:19:46");



CREATE TABLE `payrolls` (
  `id` int(10) unsigned NOT NULL AUTO_INCREMENT,
  `reference_no` varchar(191) COLLATE utf8mb4_unicode_ci NOT NULL,
  `employee_id` int(11) NOT NULL,
  `account_id` int(11) NOT NULL,
  `user_id` int(11) NOT NULL,
  `amount` double NOT NULL,
  `paying_method` varchar(191) COLLATE utf8mb4_unicode_ci NOT NULL,
  `note` text COLLATE utf8mb4_unicode_ci,
  `created_at` timestamp NULL DEFAULT NULL,
  `updated_at` timestamp NULL DEFAULT NULL,
  PRIMARY KEY (`id`)
) ENGINE=InnoDB DEFAULT CHARSET=utf8mb4 COLLATE=utf8mb4_unicode_ci;




CREATE TABLE `permissions` (
  `id` int(10) unsigned NOT NULL AUTO_INCREMENT,
  `name` varchar(191) COLLATE utf8mb4_unicode_ci NOT NULL,
  `guard_name` varchar(191) COLLATE utf8mb4_unicode_ci NOT NULL,
  `created_at` timestamp NULL DEFAULT NULL,
  `updated_at` timestamp NULL DEFAULT NULL,
  PRIMARY KEY (`id`)
) ENGINE=InnoDB AUTO_INCREMENT=109 DEFAULT CHARSET=utf8mb4 COLLATE=utf8mb4_unicode_ci;

INSERT INTO permissions VALUES("4","products-edit","web","2018-06-03 02:00:09","2018-06-03 02:00:09");
INSERT INTO permissions VALUES("5","products-delete","web","2018-06-03 23:54:22","2018-06-03 23:54:22");
INSERT INTO permissions VALUES("6","products-add","web","2018-06-04 01:34:14","2018-06-04 01:34:14");
INSERT INTO permissions VALUES("7","products-index","web","2018-06-04 04:34:27","2018-06-04 04:34:27");
INSERT INTO permissions VALUES("8","purchases-index","web","2018-06-04 09:03:19","2018-06-04 09:03:19");
INSERT INTO permissions VALUES("9","purchases-add","web","2018-06-04 09:12:25","2018-06-04 09:12:25");
INSERT INTO permissions VALUES("10","purchases-edit","web","2018-06-04 10:47:36","2018-06-04 10:47:36");
INSERT INTO permissions VALUES("11","purchases-delete","web","2018-06-04 10:47:36","2018-06-04 10:47:36");
INSERT INTO permissions VALUES("12","sales-index","web","2018-06-04 11:49:08","2018-06-04 11:49:08");
INSERT INTO permissions VALUES("13","sales-add","web","2018-06-04 11:49:52","2018-06-04 11:49:52");
INSERT INTO permissions VALUES("14","sales-edit","web","2018-06-04 11:49:52","2018-06-04 11:49:52");
INSERT INTO permissions VALUES("15","sales-delete","web","2018-06-04 11:49:53","2018-06-04 11:49:53");
INSERT INTO permissions VALUES("16","quotes-index","web","2018-06-04 23:05:10","2018-06-04 23:05:10");
INSERT INTO permissions VALUES("17","quotes-add","web","2018-06-04 23:05:10","2018-06-04 23:05:10");
INSERT INTO permissions VALUES("18","quotes-edit","web","2018-06-04 23:05:10","2018-06-04 23:05:10");
INSERT INTO permissions VALUES("19","quotes-delete","web","2018-06-04 23:05:10","2018-06-04 23:05:10");
INSERT INTO permissions VALUES("20","transfers-index","web","2018-06-04 23:30:03","2018-06-04 23:30:03");
INSERT INTO permissions VALUES("21","transfers-add","web","2018-06-04 23:30:03","2018-06-04 23:30:03");
INSERT INTO permissions VALUES("22","transfers-edit","web","2018-06-04 23:30:03","2018-06-04 23:30:03");
INSERT INTO permissions VALUES("23","transfers-delete","web","2018-06-04 23:30:03","2018-06-04 23:30:03");
INSERT INTO permissions VALUES("24","returns-index","web","2018-06-04 23:50:24","2018-06-04 23:50:24");
INSERT INTO permissions VALUES("25","returns-add","web","2018-06-04 23:50:24","2018-06-04 23:50:24");
INSERT INTO permissions VALUES("26","returns-edit","web","2018-06-04 23:50:25","2018-06-04 23:50:25");
INSERT INTO permissions VALUES("27","returns-delete","web","2018-06-04 23:50:25","2018-06-04 23:50:25");
INSERT INTO permissions VALUES("28","customers-index","web","2018-06-05 00:15:54","2018-06-05 00:15:54");
INSERT INTO permissions VALUES("29","customers-add","web","2018-06-05 00:15:55","2018-06-05 00:15:55");
INSERT INTO permissions VALUES("30","customers-edit","web","2018-06-05 00:15:55","2018-06-05 00:15:55");
INSERT INTO permissions VALUES("31","customers-delete","web","2018-06-05 00:15:55","2018-06-05 00:15:55");
INSERT INTO permissions VALUES("32","suppliers-index","web","2018-06-05 00:40:12","2018-06-05 00:40:12");
INSERT INTO permissions VALUES("33","suppliers-add","web","2018-06-05 00:40:12","2018-06-05 00:40:12");
INSERT INTO permissions VALUES("34","suppliers-edit","web","2018-06-05 00:40:12","2018-06-05 00:40:12");
INSERT INTO permissions VALUES("35","suppliers-delete","web","2018-06-05 00:40:12","2018-06-05 00:40:12");
INSERT INTO permissions VALUES("36","product-report","web","2018-06-25 00:05:33","2018-06-25 00:05:33");
INSERT INTO permissions VALUES("37","purchase-report","web","2018-06-25 00:24:56","2018-06-25 00:24:56");
INSERT INTO permissions VALUES("38","sale-report","web","2018-06-25 00:33:13","2018-06-25 00:33:13");
INSERT INTO permissions VALUES("39","customer-report","web","2018-06-25 00:36:51","2018-06-25 00:36:51");
INSERT INTO permissions VALUES("40","due-report","web","2018-06-25 00:39:52","2018-06-25 00:39:52");
INSERT INTO permissions VALUES("41","users-index","web","2018-06-25 01:00:10","2018-06-25 01:00:10");
INSERT INTO permissions VALUES("42","users-add","web","2018-06-25 01:00:10","2018-06-25 01:00:10");
INSERT INTO permissions VALUES("43","users-edit","web","2018-06-25 01:01:30","2018-06-25 01:01:30");
INSERT INTO permissions VALUES("44","users-delete","web","2018-06-25 01:01:30","2018-06-25 01:01:30");
INSERT INTO permissions VALUES("45","profit-loss","web","2018-07-14 22:50:05","2018-07-14 22:50:05");
INSERT INTO permissions VALUES("46","best-seller","web","2018-07-14 23:01:38","2018-07-14 23:01:38");
INSERT INTO permissions VALUES("47","daily-sale","web","2018-07-14 23:24:21","2018-07-14 23:24:21");
INSERT INTO permissions VALUES("48","monthly-sale","web","2018-07-14 23:30:41","2018-07-14 23:30:41");
INSERT INTO permissions VALUES("49","daily-purchase","web","2018-07-14 23:36:46","2018-07-14 23:36:46");
INSERT INTO permissions VALUES("50","monthly-purchase","web","2018-07-14 23:48:17","2018-07-14 23:48:17");
INSERT INTO permissions VALUES("51","payment-report","web","2018-07-15 00:10:41","2018-07-15 00:10:41");
INSERT INTO permissions VALUES("52","warehouse-stock-report","web","2018-07-15 00:16:55","2018-07-15 00:16:55");
INSERT INTO permissions VALUES("53","product-qty-alert","web","2018-07-15 00:33:21","2018-07-15 00:33:21");
INSERT INTO permissions VALUES("54","supplier-report","web","2018-07-30 04:00:01","2018-07-30 04:00:01");
INSERT INTO permissions VALUES("55","expenses-index","web","2018-09-05 02:07:10","2018-09-05 02:07:10");
INSERT INTO permissions VALUES("56","expenses-add","web","2018-09-05 02:07:10","2018-09-05 02:07:10");
INSERT INTO permissions VALUES("57","expenses-edit","web","2018-09-05 02:07:10","2018-09-05 02:07:10");
INSERT INTO permissions VALUES("58","expenses-delete","web","2018-09-05 02:07:11","2018-09-05 02:07:11");
INSERT INTO permissions VALUES("59","general_setting","web","2018-10-20 00:10:04","2018-10-20 00:10:04");
INSERT INTO permissions VALUES("60","mail_setting","web","2018-10-20 00:10:04","2018-10-20 00:10:04");
INSERT INTO permissions VALUES("61","pos_setting","web","2018-10-20 00:10:04","2018-10-20 00:10:04");
INSERT INTO permissions VALUES("62","hrm_setting","web","2019-01-02 10:30:23","2019-01-02 10:30:23");
INSERT INTO permissions VALUES("63","purchase-return-index","web","2019-01-02 21:45:14","2019-01-02 21:45:14");
INSERT INTO permissions VALUES("64","purchase-return-add","web","2019-01-02 21:45:14","2019-01-02 21:45:14");
INSERT INTO permissions VALUES("65","purchase-return-edit","web","2019-01-02 21:45:14","2019-01-02 21:45:14");
INSERT INTO permissions VALUES("66","purchase-return-delete","web","2019-01-02 21:45:14","2019-01-02 21:45:14");
INSERT INTO permissions VALUES("67","account-index","web","2019-01-02 22:06:13","2019-01-02 22:06:13");
INSERT INTO permissions VALUES("68","balance-sheet","web","2019-01-02 22:06:14","2019-01-02 22:06:14");
INSERT INTO permissions VALUES("69","account-statement","web","2019-01-02 22:06:14","2019-01-02 22:06:14");
INSERT INTO permissions VALUES("70","department","web","2019-01-02 22:30:01","2019-01-02 22:30:01");
INSERT INTO permissions VALUES("71","attendance","web","2019-01-02 22:30:01","2019-01-02 22:30:01");
INSERT INTO permissions VALUES("72","payroll","web","2019-01-02 22:30:01","2019-01-02 22:30:01");
INSERT INTO permissions VALUES("73","employees-index","web","2019-01-02 22:52:19","2019-01-02 22:52:19");
INSERT INTO permissions VALUES("74","employees-add","web","2019-01-02 22:52:19","2019-01-02 22:52:19");
INSERT INTO permissions VALUES("75","employees-edit","web","2019-01-02 22:52:19","2019-01-02 22:52:19");
INSERT INTO permissions VALUES("76","employees-delete","web","2019-01-02 22:52:19","2019-01-02 22:52:19");
INSERT INTO permissions VALUES("77","user-report","web","2019-01-16 06:48:18","2019-01-16 06:48:18");
INSERT INTO permissions VALUES("78","stock_count","web","2019-02-17 10:32:01","2019-02-17 10:32:01");
INSERT INTO permissions VALUES("79","adjustment","web","2019-02-17 10:32:02","2019-02-17 10:32:02");
INSERT INTO permissions VALUES("80","sms_setting","web","2019-02-22 05:18:03","2019-02-22 05:18:03");
INSERT INTO permissions VALUES("81","create_sms","web","2019-02-22 05:18:03","2019-02-22 05:18:03");
INSERT INTO permissions VALUES("82","print_barcode","web","2019-03-07 05:02:19","2019-03-07 05:02:19");
INSERT INTO permissions VALUES("83","empty_database","web","2019-03-07 05:02:19","2019-03-07 05:02:19");
INSERT INTO permissions VALUES("84","customer_group","web","2019-03-07 05:37:15","2019-03-07 05:37:15");
INSERT INTO permissions VALUES("85","unit","web","2019-03-07 05:37:15","2019-03-07 05:37:15");
INSERT INTO permissions VALUES("86","tax","web","2019-03-07 05:37:15","2019-03-07 05:37:15");
INSERT INTO permissions VALUES("87","gift_card","web","2019-03-07 06:29:38","2019-03-07 06:29:38");
INSERT INTO permissions VALUES("88","coupon","web","2019-03-07 06:29:38","2019-03-07 06:29:38");
INSERT INTO permissions VALUES("89","holiday","web","2019-10-19 09:57:15","2019-10-19 09:57:15");
INSERT INTO permissions VALUES("90","warehouse-report","web","2019-10-22 07:00:23","2019-10-22 07:00:23");
INSERT INTO permissions VALUES("91","warehouse","web","2020-02-26 06:47:32","2020-02-26 06:47:32");
INSERT INTO permissions VALUES("92","brand","web","2020-02-26 06:59:59","2020-02-26 06:59:59");
INSERT INTO permissions VALUES("93","billers-index","web","2020-02-26 07:11:15","2020-02-26 07:11:15");
INSERT INTO permissions VALUES("94","billers-add","web","2020-02-26 07:11:15","2020-02-26 07:11:15");
INSERT INTO permissions VALUES("95","billers-edit","web","2020-02-26 07:11:15","2020-02-26 07:11:15");
INSERT INTO permissions VALUES("96","billers-delete","web","2020-02-26 07:11:15","2020-02-26 07:11:15");
INSERT INTO permissions VALUES("97","money-transfer","web","2020-03-02 05:41:48","2020-03-02 05:41:48");
INSERT INTO permissions VALUES("98","category","web","2020-07-13 13:13:16","2020-07-13 13:13:16");
INSERT INTO permissions VALUES("99","delivery","web","2020-07-13 13:13:16","2020-07-13 13:13:16");
INSERT INTO permissions VALUES("100","send_notification","web","2020-10-31 06:21:31","2020-10-31 06:21:31");
INSERT INTO permissions VALUES("101","today_sale","web","2020-10-31 06:57:04","2020-10-31 06:57:04");
INSERT INTO permissions VALUES("102","today_profit","web","2020-10-31 06:57:04","2020-10-31 06:57:04");
INSERT INTO permissions VALUES("103","currency","web","2020-11-09 00:23:11","2020-11-09 00:23:11");
INSERT INTO permissions VALUES("104","backup_database","web","2020-11-15 00:16:55","2020-11-15 00:16:55");
INSERT INTO permissions VALUES("105","withdraw-add","web","2022-02-03 09:10:47","2022-02-03 09:10:49");
INSERT INTO permissions VALUES("106","withdraw-edit","web","2022-02-03 09:10:51","2022-02-03 09:10:52");
INSERT INTO permissions VALUES("107","withdraw-index","web","2022-02-03 09:11:09","2022-02-03 09:11:11");
INSERT INTO permissions VALUES("108","withdraw-delete","web","2022-02-03 09:11:26","2022-02-03 09:11:27");



CREATE TABLE `pos_setting` (
  `id` int(11) NOT NULL,
  `customer_id` int(11) NOT NULL,
  `warehouse_id` int(11) NOT NULL,
  `biller_id` int(11) NOT NULL,
  `product_number` int(11) NOT NULL,
  `keybord_active` tinyint(1) NOT NULL,
  `stripe_public_key` varchar(191) COLLATE utf8mb4_unicode_ci DEFAULT NULL,
  `stripe_secret_key` varchar(191) COLLATE utf8mb4_unicode_ci NOT NULL,
  `created_at` timestamp NULL DEFAULT NULL,
  `updated_at` timestamp NULL DEFAULT NULL,
  UNIQUE KEY `pos_setting_id_unique` (`id`)
) ENGINE=InnoDB DEFAULT CHARSET=utf8mb4 COLLATE=utf8mb4_unicode_ci;

INSERT INTO pos_setting VALUES("1","1","1","1","3","1","Stripe_Publishable_key","Stripe_Secret_key","2022-01-07 22:32:23","2022-01-07 22:32:23");



CREATE TABLE `product_adjustments` (
  `id` int(10) unsigned NOT NULL AUTO_INCREMENT,
  `adjustment_id` int(11) NOT NULL,
  `product_id` int(11) NOT NULL,
  `variant_id` int(11) DEFAULT NULL,
  `qty` double NOT NULL,
  `action` varchar(191) COLLATE utf8mb4_unicode_ci NOT NULL,
  `created_at` timestamp NULL DEFAULT NULL,
  `updated_at` timestamp NULL DEFAULT NULL,
  PRIMARY KEY (`id`)
) ENGINE=InnoDB DEFAULT CHARSET=utf8mb4 COLLATE=utf8mb4_unicode_ci;




CREATE TABLE `product_batches` (
  `id` bigint(20) unsigned NOT NULL AUTO_INCREMENT,
  `product_id` int(11) NOT NULL,
  `batch_no` varchar(191) COLLATE utf8mb4_unicode_ci NOT NULL,
  `expired_date` date NOT NULL,
  `qty` double NOT NULL,
  `created_at` timestamp NULL DEFAULT NULL,
  `updated_at` timestamp NULL DEFAULT NULL,
  PRIMARY KEY (`id`)
) ENGINE=InnoDB DEFAULT CHARSET=utf8mb4 COLLATE=utf8mb4_unicode_ci;




CREATE TABLE `product_purchases` (
  `id` int(10) unsigned NOT NULL AUTO_INCREMENT,
  `purchase_id` int(11) NOT NULL,
  `product_id` int(11) NOT NULL,
  `product_batch_id` int(11) DEFAULT NULL,
  `variant_id` int(11) DEFAULT NULL,
  `qty` double NOT NULL,
  `recieved` double NOT NULL,
  `purchase_unit_id` int(11) NOT NULL,
  `net_unit_cost` double NOT NULL,
  `discount` double NOT NULL,
  `tax_rate` double NOT NULL,
  `tax` double NOT NULL,
  `total` double NOT NULL,
  `created_at` timestamp NULL DEFAULT NULL,
  `updated_at` timestamp NULL DEFAULT NULL,
  PRIMARY KEY (`id`)
) ENGINE=InnoDB AUTO_INCREMENT=21 DEFAULT CHARSET=utf8mb4 COLLATE=utf8mb4_unicode_ci;

INSERT INTO product_purchases VALUES("9","3","1","","4","20","20","1","70","0","0","0","1400","2022-05-16 10:16:29","2022-05-16 10:16:29");
INSERT INTO product_purchases VALUES("10","3","1","","3","15","15","1","70","0","0","0","1050","2022-05-16 10:16:30","2022-05-16 10:16:30");
INSERT INTO product_purchases VALUES("11","3","1","","2","10","10","1","70","0","0","0","700","2022-05-16 10:16:30","2022-05-16 10:16:30");
INSERT INTO product_purchases VALUES("12","3","1","","1","5","5","1","70","0","0","0","350","2022-05-16 10:16:30","2022-05-16 10:16:30");
INSERT INTO product_purchases VALUES("13","4","2","","4","20","20","1","100","0","0","0","2000","2022-05-16 10:18:53","2022-05-16 10:18:53");
INSERT INTO product_purchases VALUES("14","4","2","","3","15","15","1","100","0","0","0","1500","2022-05-16 10:18:53","2022-05-16 10:18:53");
INSERT INTO product_purchases VALUES("15","4","2","","2","10","10","1","100","0","0","0","1000","2022-05-16 10:18:53","2022-05-16 10:18:53");
INSERT INTO product_purchases VALUES("16","4","2","","1","5","5","1","100","0","0","0","500","2022-05-16 10:18:53","2022-05-16 10:18:53");
INSERT INTO product_purchases VALUES("17","5","3","","4","20","20","1","120","0","0","0","2400","2022-05-16 10:19:25","2022-05-16 10:19:25");
INSERT INTO product_purchases VALUES("18","5","3","","3","15","15","1","120","0","0","0","1800","2022-05-16 10:19:25","2022-05-16 10:19:25");
INSERT INTO product_purchases VALUES("19","5","3","","2","10","10","1","120","0","0","0","1200","2022-05-16 10:19:25","2022-05-16 10:19:25");
INSERT INTO product_purchases VALUES("20","5","3","","1","5","5","1","120","0","0","0","600","2022-05-16 10:19:25","2022-05-16 10:19:25");



CREATE TABLE `product_quotation` (
  `id` int(10) unsigned NOT NULL AUTO_INCREMENT,
  `quotation_id` int(11) NOT NULL,
  `product_id` int(11) NOT NULL,
  `product_batch_id` int(11) DEFAULT NULL,
  `variant_id` int(11) DEFAULT NULL,
  `qty` double NOT NULL,
  `sale_unit_id` int(11) NOT NULL,
  `net_unit_price` double NOT NULL,
  `discount` double NOT NULL,
  `tax_rate` double NOT NULL,
  `tax` double NOT NULL,
  `total` double NOT NULL,
  `created_at` timestamp NULL DEFAULT NULL,
  `updated_at` timestamp NULL DEFAULT NULL,
  PRIMARY KEY (`id`)
) ENGINE=InnoDB DEFAULT CHARSET=utf8mb4 COLLATE=utf8mb4_unicode_ci;




CREATE TABLE `product_returns` (
  `id` int(10) unsigned NOT NULL AUTO_INCREMENT,
  `return_id` int(11) NOT NULL,
  `product_id` int(11) NOT NULL,
  `product_batch_id` int(11) DEFAULT NULL,
  `variant_id` int(11) DEFAULT NULL,
  `qty` double NOT NULL,
  `sale_unit_id` int(11) NOT NULL,
  `net_unit_price` double NOT NULL,
  `discount` double NOT NULL,
  `tax_rate` double NOT NULL,
  `tax` double NOT NULL,
  `total` double NOT NULL,
  `created_at` timestamp NULL DEFAULT NULL,
  `updated_at` timestamp NULL DEFAULT NULL,
  PRIMARY KEY (`id`)
) ENGINE=InnoDB DEFAULT CHARSET=utf8mb4 COLLATE=utf8mb4_unicode_ci;




CREATE TABLE `product_sales` (
  `id` int(10) unsigned NOT NULL AUTO_INCREMENT,
  `sale_id` int(11) NOT NULL,
  `product_id` int(11) NOT NULL,
  `product_batch_id` int(11) DEFAULT NULL,
  `variant_id` int(11) DEFAULT NULL,
  `qty` double NOT NULL,
  `sale_unit_id` int(11) NOT NULL,
  `net_unit_price` double NOT NULL,
  `original_price` double NOT NULL,
  `discount` double NOT NULL,
  `tax_rate` double NOT NULL,
  `tax` double NOT NULL,
  `total` double NOT NULL,
  `created_at` timestamp NULL DEFAULT NULL,
  `updated_at` timestamp NULL DEFAULT NULL,
  PRIMARY KEY (`id`)
) ENGINE=InnoDB AUTO_INCREMENT=2 DEFAULT CHARSET=utf8mb4 COLLATE=utf8mb4_unicode_ci;

INSERT INTO product_sales VALUES("1","7","1","","4","6","1","300","180","0","0","0","1800","2022-05-16 10:40:34","2022-05-16 10:40:34");



CREATE TABLE `product_transfer` (
  `id` int(10) unsigned NOT NULL AUTO_INCREMENT,
  `transfer_id` int(11) NOT NULL,
  `product_id` int(11) NOT NULL,
  `product_batch_id` int(11) DEFAULT NULL,
  `variant_id` int(11) DEFAULT NULL,
  `qty` double NOT NULL,
  `purchase_unit_id` int(11) NOT NULL,
  `net_unit_cost` double NOT NULL,
  `tax_rate` double NOT NULL,
  `tax` double NOT NULL,
  `total` double NOT NULL,
  `created_at` timestamp NULL DEFAULT NULL,
  `updated_at` timestamp NULL DEFAULT NULL,
  PRIMARY KEY (`id`)
) ENGINE=InnoDB DEFAULT CHARSET=utf8mb4 COLLATE=utf8mb4_unicode_ci;




CREATE TABLE `product_variants` (
  `id` int(10) unsigned NOT NULL AUTO_INCREMENT,
  `product_id` int(11) NOT NULL,
  `variant_id` int(11) NOT NULL,
  `position` int(11) NOT NULL,
  `item_code` varchar(191) COLLATE utf8mb4_unicode_ci NOT NULL,
  `additional_price` double DEFAULT NULL,
  `qty` double NOT NULL,
  `created_at` timestamp NULL DEFAULT NULL,
  `updated_at` timestamp NULL DEFAULT NULL,
  PRIMARY KEY (`id`)
) ENGINE=InnoDB AUTO_INCREMENT=25 DEFAULT CHARSET=utf8mb4 COLLATE=utf8mb4_unicode_ci;

INSERT INTO product_variants VALUES("13","1","1","1","M-P-22-830","","5","2022-05-16 10:08:25","2022-05-16 10:16:30");
INSERT INTO product_variants VALUES("14","1","2","2","L-P-22-830","","10","2022-05-16 10:08:25","2022-05-16 10:16:30");
INSERT INTO product_variants VALUES("15","1","3","3","XL-P-22-830","","15","2022-05-16 10:08:25","2022-05-16 10:16:29");
INSERT INTO product_variants VALUES("16","1","4","4","XXL-P-22-830","","14","2022-05-16 10:08:25","2022-05-16 10:40:34");
INSERT INTO product_variants VALUES("17","2","1","1","M-P-22-909","","5","2022-05-16 10:09:17","2022-05-16 10:18:53");
INSERT INTO product_variants VALUES("18","2","2","2","L-P-22-909","","10","2022-05-16 10:09:17","2022-05-16 10:18:53");
INSERT INTO product_variants VALUES("19","2","3","3","XL-P-22-909","","15","2022-05-16 10:09:17","2022-05-16 10:18:53");
INSERT INTO product_variants VALUES("20","2","4","4","XXL-P-22-909","","20","2022-05-16 10:09:17","2022-05-16 10:18:53");
INSERT INTO product_variants VALUES("21","3","1","1","M-P-22-569","","5","2022-05-16 10:11:21","2022-05-16 10:19:25");
INSERT INTO product_variants VALUES("22","3","2","2","L-P-22-569","","10","2022-05-16 10:11:21","2022-05-16 10:19:25");
INSERT INTO product_variants VALUES("23","3","3","3","XL-P-22-569","","15","2022-05-16 10:11:21","2022-05-16 10:19:25");
INSERT INTO product_variants VALUES("24","3","4","4","XXL-P-22-569","","20","2022-05-16 10:11:21","2022-05-16 10:19:25");



CREATE TABLE `product_warehouse` (
  `id` int(10) unsigned NOT NULL AUTO_INCREMENT,
  `product_id` varchar(191) COLLATE utf8mb4_unicode_ci NOT NULL,
  `product_batch_id` int(11) DEFAULT NULL,
  `variant_id` int(11) DEFAULT NULL,
  `warehouse_id` int(11) NOT NULL,
  `qty` double NOT NULL,
  `price` double DEFAULT NULL,
  `created_at` timestamp NULL DEFAULT NULL,
  `updated_at` timestamp NULL DEFAULT NULL,
  PRIMARY KEY (`id`)
) ENGINE=InnoDB AUTO_INCREMENT=21 DEFAULT CHARSET=utf8mb4 COLLATE=utf8mb4_unicode_ci;

INSERT INTO product_warehouse VALUES("9","1","","4","1","14","","2022-05-16 10:16:29","2022-05-16 10:40:34");
INSERT INTO product_warehouse VALUES("10","1","","3","1","15","","2022-05-16 10:16:30","2022-05-16 10:16:30");
INSERT INTO product_warehouse VALUES("11","1","","2","1","10","","2022-05-16 10:16:30","2022-05-16 10:16:30");
INSERT INTO product_warehouse VALUES("12","1","","1","1","5","","2022-05-16 10:16:30","2022-05-16 10:16:30");
INSERT INTO product_warehouse VALUES("13","2","","4","1","20","","2022-05-16 10:18:53","2022-05-16 10:18:53");
INSERT INTO product_warehouse VALUES("14","2","","3","1","15","","2022-05-16 10:18:53","2022-05-16 10:18:53");
INSERT INTO product_warehouse VALUES("15","2","","2","1","10","","2022-05-16 10:18:53","2022-05-16 10:18:53");
INSERT INTO product_warehouse VALUES("16","2","","1","1","5","","2022-05-16 10:18:53","2022-05-16 10:18:53");
INSERT INTO product_warehouse VALUES("17","3","","4","2","20","","2022-05-16 10:19:25","2022-05-16 10:19:25");
INSERT INTO product_warehouse VALUES("18","3","","3","2","15","","2022-05-16 10:19:25","2022-05-16 10:19:25");
INSERT INTO product_warehouse VALUES("19","3","","2","2","10","","2022-05-16 10:19:25","2022-05-16 10:19:25");
INSERT INTO product_warehouse VALUES("20","3","","1","2","5","","2022-05-16 10:19:25","2022-05-16 10:19:25");



CREATE TABLE `products` (
  `id` int(10) unsigned NOT NULL AUTO_INCREMENT,
  `name` varchar(191) COLLATE utf8mb4_unicode_ci NOT NULL,
  `code` varchar(191) COLLATE utf8mb4_unicode_ci NOT NULL,
  `type` varchar(191) COLLATE utf8mb4_unicode_ci NOT NULL,
  `barcode_symbology` varchar(191) COLLATE utf8mb4_unicode_ci NOT NULL,
  `brand_id` int(11) DEFAULT NULL,
  `category_id` int(11) NOT NULL,
  `unit_id` int(11) NOT NULL,
  `purchase_unit_id` int(11) NOT NULL,
  `sale_unit_id` int(11) NOT NULL,
  `cost` varchar(191) COLLATE utf8mb4_unicode_ci NOT NULL,
  `price` varchar(191) COLLATE utf8mb4_unicode_ci NOT NULL,
  `qty` double DEFAULT NULL,
  `alert_quantity` double DEFAULT NULL,
  `promotion` tinyint(4) DEFAULT NULL,
  `promotion_price` varchar(191) COLLATE utf8mb4_unicode_ci DEFAULT NULL,
  `starting_date` varchar(200) COLLATE utf8mb4_unicode_ci DEFAULT NULL,
  `last_date` date DEFAULT NULL,
  `tax_id` int(11) DEFAULT NULL,
  `tax_method` int(11) DEFAULT NULL,
  `image` longtext COLLATE utf8mb4_unicode_ci,
  `file` varchar(191) COLLATE utf8mb4_unicode_ci DEFAULT NULL,
  `is_variant` tinyint(1) DEFAULT NULL,
  `is_batch` tinyint(1) DEFAULT NULL,
  `is_diffPrice` tinyint(1) DEFAULT NULL,
  `featured` tinyint(4) DEFAULT NULL,
  `product_list` varchar(191) COLLATE utf8mb4_unicode_ci DEFAULT NULL,
  `qty_list` varchar(191) COLLATE utf8mb4_unicode_ci DEFAULT NULL,
  `price_list` varchar(191) COLLATE utf8mb4_unicode_ci DEFAULT NULL,
  `product_details` text COLLATE utf8mb4_unicode_ci,
  `is_active` tinyint(1) DEFAULT NULL,
  `created_at` timestamp NULL DEFAULT NULL,
  `updated_at` timestamp NULL DEFAULT NULL,
  PRIMARY KEY (`id`)
) ENGINE=InnoDB AUTO_INCREMENT=4 DEFAULT CHARSET=utf8mb4 COLLATE=utf8mb4_unicode_ci;

INSERT INTO products VALUES("1","Product 1 Tunique","P-22-830","standard","C39","","1","1","1","1","70","180","44","5","","","","","","","zummXD2dvAtI.png","","1","","0","0","","","","","1","2022-05-11 08:21:39","2022-05-16 10:40:34");
INSERT INTO products VALUES("2","Product 2 Tunique","P-22-909","standard","C39","","2","1","1","1","100","200","50","5","","","","","","","zummXD2dvAtI.png","","1","","0","0","","","","","1","2022-05-11 08:29:12","2022-05-16 10:18:53");
INSERT INTO products VALUES("3","Product 3 Tunique","P-22-569","standard","C39","","1","1","1","1","120","250","50","5","","","","","","","zummXD2dvAtI.png","","1","","0","0","","","","","1","2022-05-16 10:11:21","2022-05-16 10:19:25");



CREATE TABLE `purchase_product_return` (
  `id` int(10) unsigned NOT NULL AUTO_INCREMENT,
  `return_id` int(11) NOT NULL,
  `product_id` int(11) NOT NULL,
  `product_batch_id` int(11) DEFAULT NULL,
  `variant_id` int(11) DEFAULT NULL,
  `qty` double NOT NULL,
  `purchase_unit_id` int(11) NOT NULL,
  `net_unit_cost` double NOT NULL,
  `discount` double NOT NULL,
  `tax_rate` double NOT NULL,
  `tax` double NOT NULL,
  `total` double NOT NULL,
  `created_at` timestamp NULL DEFAULT NULL,
  `updated_at` timestamp NULL DEFAULT NULL,
  PRIMARY KEY (`id`)
) ENGINE=InnoDB DEFAULT CHARSET=utf8mb4 COLLATE=utf8mb4_unicode_ci;




CREATE TABLE `purchases` (
  `id` int(10) unsigned NOT NULL AUTO_INCREMENT,
  `reference_no` varchar(191) COLLATE utf8mb4_unicode_ci NOT NULL,
  `user_id` int(11) NOT NULL,
  `warehouse_id` int(11) NOT NULL,
  `supplier_id` int(11) DEFAULT NULL,
  `item` int(11) NOT NULL,
  `total_qty` double NOT NULL,
  `total_discount` double NOT NULL,
  `total_tax` double NOT NULL,
  `total_cost` double NOT NULL,
  `order_tax_rate` double DEFAULT NULL,
  `order_tax` double DEFAULT NULL,
  `order_discount` double DEFAULT NULL,
  `shipping_cost` double DEFAULT NULL,
  `grand_total` double NOT NULL,
  `paid_amount` double NOT NULL,
  `status` int(11) NOT NULL,
  `payment_status` int(11) NOT NULL,
  `document` varchar(191) COLLATE utf8mb4_unicode_ci DEFAULT NULL,
  `note` text COLLATE utf8mb4_unicode_ci,
  `created_at` timestamp NULL DEFAULT NULL,
  `updated_at` timestamp NULL DEFAULT NULL,
  PRIMARY KEY (`id`)
) ENGINE=InnoDB AUTO_INCREMENT=6 DEFAULT CHARSET=utf8mb4 COLLATE=utf8mb4_unicode_ci;

INSERT INTO purchases VALUES("3","pr-20220516-101629","1","1","","4","50","0","0","3500","0","0","","","3500","3500","1","2","","","2022-05-16 10:16:29","2022-05-16 10:16:49");
INSERT INTO purchases VALUES("4","pr-20220516-101853","1","1","","4","50","0","0","5000","0","0","","","5000","5000","1","2","","","2022-05-16 10:18:53","2022-05-16 10:19:34");
INSERT INTO purchases VALUES("5","pr-20220516-101925","1","2","","4","50","0","0","6000","0","0","","","6000","6000","1","2","","","2022-05-16 10:19:25","2022-05-16 10:19:46");



CREATE TABLE `quotations` (
  `id` int(10) unsigned NOT NULL AUTO_INCREMENT,
  `reference_no` varchar(191) COLLATE utf8mb4_unicode_ci NOT NULL,
  `user_id` int(11) NOT NULL,
  `biller_id` int(11) NOT NULL,
  `supplier_id` int(11) DEFAULT NULL,
  `customer_id` int(11) NOT NULL,
  `warehouse_id` int(11) NOT NULL,
  `item` int(11) NOT NULL,
  `total_qty` double NOT NULL,
  `total_discount` double NOT NULL,
  `total_tax` double NOT NULL,
  `total_price` double NOT NULL,
  `order_tax_rate` double DEFAULT NULL,
  `order_tax` double DEFAULT NULL,
  `order_discount` double DEFAULT NULL,
  `shipping_cost` double DEFAULT NULL,
  `grand_total` double NOT NULL,
  `quotation_status` int(11) NOT NULL,
  `document` varchar(191) COLLATE utf8mb4_unicode_ci DEFAULT NULL,
  `note` text COLLATE utf8mb4_unicode_ci,
  `created_at` timestamp NULL DEFAULT NULL,
  `updated_at` timestamp NULL DEFAULT NULL,
  PRIMARY KEY (`id`)
) ENGINE=InnoDB DEFAULT CHARSET=utf8mb4 COLLATE=utf8mb4_unicode_ci;




CREATE TABLE `return_purchases` (
  `id` int(10) unsigned NOT NULL AUTO_INCREMENT,
  `reference_no` varchar(191) COLLATE utf8mb4_unicode_ci NOT NULL,
  `supplier_id` int(11) DEFAULT NULL,
  `warehouse_id` int(11) NOT NULL,
  `user_id` int(11) NOT NULL,
  `account_id` int(11) NOT NULL,
  `item` int(11) NOT NULL,
  `total_qty` double NOT NULL,
  `total_discount` double NOT NULL,
  `total_tax` double NOT NULL,
  `total_cost` double NOT NULL,
  `order_tax_rate` double DEFAULT NULL,
  `order_tax` double DEFAULT NULL,
  `grand_total` double NOT NULL,
  `document` varchar(191) COLLATE utf8mb4_unicode_ci DEFAULT NULL,
  `return_note` text COLLATE utf8mb4_unicode_ci,
  `staff_note` text COLLATE utf8mb4_unicode_ci,
  `created_at` timestamp NULL DEFAULT NULL,
  `updated_at` timestamp NULL DEFAULT NULL,
  PRIMARY KEY (`id`)
) ENGINE=InnoDB DEFAULT CHARSET=utf8mb4 COLLATE=utf8mb4_unicode_ci;




CREATE TABLE `returns` (
  `id` int(10) unsigned NOT NULL AUTO_INCREMENT,
  `reference_no` varchar(191) COLLATE utf8mb4_unicode_ci NOT NULL,
  `user_id` int(11) NOT NULL,
  `cash_register_id` int(11) DEFAULT NULL,
  `customer_id` int(11) NOT NULL,
  `warehouse_id` int(11) NOT NULL,
  `biller_id` int(11) NOT NULL,
  `account_id` int(11) NOT NULL,
  `item` int(11) NOT NULL,
  `total_qty` double NOT NULL,
  `total_discount` double NOT NULL,
  `total_tax` double NOT NULL,
  `total_price` double NOT NULL,
  `order_tax_rate` double DEFAULT NULL,
  `order_tax` double DEFAULT NULL,
  `grand_total` double NOT NULL,
  `document` varchar(191) COLLATE utf8mb4_unicode_ci DEFAULT NULL,
  `return_note` text COLLATE utf8mb4_unicode_ci,
  `staff_note` text COLLATE utf8mb4_unicode_ci,
  `created_at` timestamp NULL DEFAULT NULL,
  `updated_at` timestamp NULL DEFAULT NULL,
  PRIMARY KEY (`id`)
) ENGINE=InnoDB DEFAULT CHARSET=utf8mb4 COLLATE=utf8mb4_unicode_ci;




CREATE TABLE `role_has_permissions` (
  `permission_id` int(10) unsigned NOT NULL,
  `role_id` int(10) unsigned NOT NULL,
  PRIMARY KEY (`permission_id`,`role_id`),
  KEY `role_has_permissions_role_id_foreign` (`role_id`),
  CONSTRAINT `role_has_permissions_permission_id_foreign` FOREIGN KEY (`permission_id`) REFERENCES `permissions` (`id`) ON DELETE CASCADE,
  CONSTRAINT `role_has_permissions_role_id_foreign` FOREIGN KEY (`role_id`) REFERENCES `roles` (`id`) ON DELETE CASCADE
) ENGINE=InnoDB DEFAULT CHARSET=utf8mb4 COLLATE=utf8mb4_unicode_ci;

INSERT INTO role_has_permissions VALUES("4","1");
INSERT INTO role_has_permissions VALUES("5","1");
INSERT INTO role_has_permissions VALUES("6","1");
INSERT INTO role_has_permissions VALUES("7","1");
INSERT INTO role_has_permissions VALUES("8","1");
INSERT INTO role_has_permissions VALUES("9","1");
INSERT INTO role_has_permissions VALUES("10","1");
INSERT INTO role_has_permissions VALUES("11","1");
INSERT INTO role_has_permissions VALUES("12","1");
INSERT INTO role_has_permissions VALUES("13","1");
INSERT INTO role_has_permissions VALUES("14","1");
INSERT INTO role_has_permissions VALUES("15","1");
INSERT INTO role_has_permissions VALUES("24","1");
INSERT INTO role_has_permissions VALUES("25","1");
INSERT INTO role_has_permissions VALUES("26","1");
INSERT INTO role_has_permissions VALUES("27","1");
INSERT INTO role_has_permissions VALUES("28","1");
INSERT INTO role_has_permissions VALUES("29","1");
INSERT INTO role_has_permissions VALUES("30","1");
INSERT INTO role_has_permissions VALUES("31","1");
INSERT INTO role_has_permissions VALUES("32","1");
INSERT INTO role_has_permissions VALUES("33","1");
INSERT INTO role_has_permissions VALUES("34","1");
INSERT INTO role_has_permissions VALUES("35","1");
INSERT INTO role_has_permissions VALUES("36","1");
INSERT INTO role_has_permissions VALUES("37","1");
INSERT INTO role_has_permissions VALUES("38","1");
INSERT INTO role_has_permissions VALUES("39","1");
INSERT INTO role_has_permissions VALUES("40","1");
INSERT INTO role_has_permissions VALUES("41","1");
INSERT INTO role_has_permissions VALUES("42","1");
INSERT INTO role_has_permissions VALUES("43","1");
INSERT INTO role_has_permissions VALUES("44","1");
INSERT INTO role_has_permissions VALUES("45","1");
INSERT INTO role_has_permissions VALUES("46","1");
INSERT INTO role_has_permissions VALUES("47","1");
INSERT INTO role_has_permissions VALUES("48","1");
INSERT INTO role_has_permissions VALUES("49","1");
INSERT INTO role_has_permissions VALUES("50","1");
INSERT INTO role_has_permissions VALUES("51","1");
INSERT INTO role_has_permissions VALUES("52","1");
INSERT INTO role_has_permissions VALUES("53","1");
INSERT INTO role_has_permissions VALUES("54","1");
INSERT INTO role_has_permissions VALUES("55","1");
INSERT INTO role_has_permissions VALUES("56","1");
INSERT INTO role_has_permissions VALUES("57","1");
INSERT INTO role_has_permissions VALUES("58","1");
INSERT INTO role_has_permissions VALUES("59","1");
INSERT INTO role_has_permissions VALUES("60","1");
INSERT INTO role_has_permissions VALUES("61","1");
INSERT INTO role_has_permissions VALUES("62","1");
INSERT INTO role_has_permissions VALUES("63","1");
INSERT INTO role_has_permissions VALUES("64","1");
INSERT INTO role_has_permissions VALUES("65","1");
INSERT INTO role_has_permissions VALUES("66","1");
INSERT INTO role_has_permissions VALUES("67","1");
INSERT INTO role_has_permissions VALUES("69","1");
INSERT INTO role_has_permissions VALUES("77","1");
INSERT INTO role_has_permissions VALUES("78","1");
INSERT INTO role_has_permissions VALUES("79","1");
INSERT INTO role_has_permissions VALUES("80","1");
INSERT INTO role_has_permissions VALUES("81","1");
INSERT INTO role_has_permissions VALUES("82","1");
INSERT INTO role_has_permissions VALUES("83","1");
INSERT INTO role_has_permissions VALUES("84","1");
INSERT INTO role_has_permissions VALUES("85","1");
INSERT INTO role_has_permissions VALUES("86","1");
INSERT INTO role_has_permissions VALUES("87","1");
INSERT INTO role_has_permissions VALUES("88","1");
INSERT INTO role_has_permissions VALUES("90","1");
INSERT INTO role_has_permissions VALUES("91","1");
INSERT INTO role_has_permissions VALUES("92","1");
INSERT INTO role_has_permissions VALUES("93","1");
INSERT INTO role_has_permissions VALUES("94","1");
INSERT INTO role_has_permissions VALUES("95","1");
INSERT INTO role_has_permissions VALUES("96","1");
INSERT INTO role_has_permissions VALUES("98","1");
INSERT INTO role_has_permissions VALUES("99","1");
INSERT INTO role_has_permissions VALUES("100","1");
INSERT INTO role_has_permissions VALUES("101","1");
INSERT INTO role_has_permissions VALUES("102","1");
INSERT INTO role_has_permissions VALUES("103","1");
INSERT INTO role_has_permissions VALUES("104","1");
INSERT INTO role_has_permissions VALUES("105","1");
INSERT INTO role_has_permissions VALUES("106","1");
INSERT INTO role_has_permissions VALUES("107","1");
INSERT INTO role_has_permissions VALUES("108","1");
INSERT INTO role_has_permissions VALUES("7","4");
INSERT INTO role_has_permissions VALUES("12","4");
INSERT INTO role_has_permissions VALUES("13","4");
INSERT INTO role_has_permissions VALUES("14","4");
INSERT INTO role_has_permissions VALUES("105","4");
INSERT INTO role_has_permissions VALUES("106","4");
INSERT INTO role_has_permissions VALUES("107","4");



CREATE TABLE `roles` (
  `id` int(10) unsigned NOT NULL AUTO_INCREMENT,
  `name` varchar(191) COLLATE utf8mb4_unicode_ci NOT NULL,
  `description` text COLLATE utf8mb4_unicode_ci,
  `guard_name` varchar(191) COLLATE utf8mb4_unicode_ci DEFAULT NULL,
  `is_active` tinyint(1) NOT NULL,
  `created_at` timestamp NULL DEFAULT NULL,
  `updated_at` timestamp NULL DEFAULT NULL,
  PRIMARY KEY (`id`)
) ENGINE=InnoDB AUTO_INCREMENT=6 DEFAULT CHARSET=utf8mb4 COLLATE=utf8mb4_unicode_ci;

INSERT INTO roles VALUES("1","Admin","Administrateur du système","web","1","2018-06-02 00:46:44","2022-01-07 20:39:04");
INSERT INTO roles VALUES("4","Vendeur","Rôle Vendeur","web","1","2018-06-02 01:05:27","2022-01-07 20:38:33");
INSERT INTO roles VALUES("5","Client","Rôle Client","web","1","2020-11-05 06:43:16","2022-01-07 20:38:48");



CREATE TABLE `sales` (
  `id` int(10) unsigned NOT NULL AUTO_INCREMENT,
  `reference_no` varchar(191) COLLATE utf8mb4_unicode_ci NOT NULL,
  `user_id` int(11) NOT NULL,
  `customer_name` varchar(191) COLLATE utf8mb4_unicode_ci NOT NULL,
  `customer_tel` varchar(191) COLLATE utf8mb4_unicode_ci NOT NULL,
  `customer_city` int(11) NOT NULL,
  `customer_address` text COLLATE utf8mb4_unicode_ci NOT NULL,
  `item` int(11) NOT NULL,
  `total_qty` double NOT NULL,
  `total_discount` double NOT NULL,
  `total_tax` double NOT NULL,
  `total_price` double NOT NULL,
  `livraison` int(11) NOT NULL,
  `grand_total` double NOT NULL,
  `order_tax_rate` double DEFAULT NULL,
  `order_tax` double DEFAULT NULL,
  `order_discount` double DEFAULT NULL,
  `coupon_id` int(11) DEFAULT NULL,
  `coupon_discount` double DEFAULT NULL,
  `shipping_cost` double DEFAULT NULL,
  `sale_status` int(11) NOT NULL,
  `payment_status` int(11) NOT NULL,
  `is_valide` tinyint(1) DEFAULT NULL,
  `document` varchar(191) COLLATE utf8mb4_unicode_ci DEFAULT NULL,
  `paid_amount` double DEFAULT NULL,
  `sale_note` text COLLATE utf8mb4_unicode_ci,
  `staff_note` text COLLATE utf8mb4_unicode_ci,
  `created_at` timestamp NULL DEFAULT NULL,
  `updated_at` timestamp NULL DEFAULT NULL,
  PRIMARY KEY (`id`)
) ENGINE=InnoDB AUTO_INCREMENT=8 DEFAULT CHARSET=utf8mb4 COLLATE=utf8mb4_unicode_ci;

INSERT INTO sales VALUES("7","tarik-160522-104012","1","طارق بوقجيج بو قجيج","0689385061","5","المخلف للعود","1","6","0","0","1800","0","1800","0","0","","","","","1","2","0","","","","","2022-05-16 10:40:34","2022-05-16 10:40:34");



CREATE TABLE `stock_counts` (
  `id` int(10) unsigned NOT NULL AUTO_INCREMENT,
  `reference_no` varchar(191) COLLATE utf8mb4_unicode_ci NOT NULL,
  `warehouse_id` int(11) NOT NULL,
  `category_id` varchar(191) COLLATE utf8mb4_unicode_ci DEFAULT NULL,
  `brand_id` varchar(191) COLLATE utf8mb4_unicode_ci DEFAULT NULL,
  `user_id` int(11) NOT NULL,
  `type` varchar(191) COLLATE utf8mb4_unicode_ci NOT NULL,
  `initial_file` varchar(191) COLLATE utf8mb4_unicode_ci DEFAULT NULL,
  `final_file` varchar(191) COLLATE utf8mb4_unicode_ci DEFAULT NULL,
  `note` text COLLATE utf8mb4_unicode_ci,
  `is_adjusted` tinyint(1) NOT NULL,
  `created_at` timestamp NULL DEFAULT NULL,
  `updated_at` timestamp NULL DEFAULT NULL,
  PRIMARY KEY (`id`)
) ENGINE=InnoDB DEFAULT CHARSET=utf8mb4 COLLATE=utf8mb4_unicode_ci;




CREATE TABLE `suppliers` (
  `id` int(10) unsigned NOT NULL AUTO_INCREMENT,
  `name` varchar(191) COLLATE utf8mb4_unicode_ci NOT NULL,
  `image` varchar(191) COLLATE utf8mb4_unicode_ci DEFAULT NULL,
  `company_name` varchar(191) COLLATE utf8mb4_unicode_ci NOT NULL,
  `vat_number` varchar(191) COLLATE utf8mb4_unicode_ci DEFAULT NULL,
  `email` varchar(191) COLLATE utf8mb4_unicode_ci NOT NULL,
  `phone_number` varchar(191) COLLATE utf8mb4_unicode_ci NOT NULL,
  `address` varchar(191) COLLATE utf8mb4_unicode_ci NOT NULL,
  `city` varchar(191) COLLATE utf8mb4_unicode_ci NOT NULL,
  `state` varchar(191) COLLATE utf8mb4_unicode_ci DEFAULT NULL,
  `postal_code` varchar(191) COLLATE utf8mb4_unicode_ci DEFAULT NULL,
  `country` varchar(191) COLLATE utf8mb4_unicode_ci DEFAULT NULL,
  `is_active` tinyint(1) DEFAULT NULL,
  `created_at` timestamp NULL DEFAULT NULL,
  `updated_at` timestamp NULL DEFAULT NULL,
  PRIMARY KEY (`id`)
) ENGINE=InnoDB DEFAULT CHARSET=utf8mb4 COLLATE=utf8mb4_unicode_ci;




CREATE TABLE `taxes` (
  `id` int(10) unsigned NOT NULL AUTO_INCREMENT,
  `name` varchar(191) COLLATE utf8mb4_unicode_ci NOT NULL,
  `rate` double NOT NULL,
  `is_active` tinyint(1) DEFAULT NULL,
  `created_at` timestamp NULL DEFAULT NULL,
  `updated_at` timestamp NULL DEFAULT NULL,
  PRIMARY KEY (`id`)
) ENGINE=InnoDB DEFAULT CHARSET=utf8mb4 COLLATE=utf8mb4_unicode_ci;




CREATE TABLE `transfers` (
  `id` int(10) unsigned NOT NULL AUTO_INCREMENT,
  `reference_no` varchar(191) COLLATE utf8mb4_unicode_ci NOT NULL,
  `user_id` int(11) NOT NULL,
  `status` int(11) NOT NULL,
  `from_warehouse_id` int(11) NOT NULL,
  `to_warehouse_id` int(11) NOT NULL,
  `item` int(11) NOT NULL,
  `total_qty` double NOT NULL,
  `total_tax` double NOT NULL,
  `total_cost` double NOT NULL,
  `shipping_cost` double DEFAULT NULL,
  `grand_total` double NOT NULL,
  `document` varchar(191) COLLATE utf8mb4_unicode_ci DEFAULT NULL,
  `note` text COLLATE utf8mb4_unicode_ci,
  `created_at` timestamp NULL DEFAULT NULL,
  `updated_at` timestamp NULL DEFAULT NULL,
  PRIMARY KEY (`id`)
) ENGINE=InnoDB DEFAULT CHARSET=utf8mb4 COLLATE=utf8mb4_unicode_ci;




CREATE TABLE `units` (
  `id` int(10) unsigned NOT NULL AUTO_INCREMENT,
  `unit_code` varchar(191) COLLATE utf8mb4_unicode_ci NOT NULL,
  `unit_name` varchar(191) COLLATE utf8mb4_unicode_ci NOT NULL,
  `base_unit` int(11) DEFAULT NULL,
  `operator` varchar(191) COLLATE utf8mb4_unicode_ci DEFAULT NULL,
  `operation_value` double DEFAULT NULL,
  `is_active` tinyint(1) DEFAULT NULL,
  `created_at` timestamp NULL DEFAULT NULL,
  `updated_at` timestamp NULL DEFAULT NULL,
  PRIMARY KEY (`id`)
) ENGINE=InnoDB AUTO_INCREMENT=2 DEFAULT CHARSET=utf8mb4 COLLATE=utf8mb4_unicode_ci;

INSERT INTO units VALUES("1","pce","Pièce","","*","1","1","2022-05-11 08:19:23","2022-05-11 08:19:23");



CREATE TABLE `users` (
  `id` int(10) unsigned NOT NULL AUTO_INCREMENT,
  `name` varchar(191) COLLATE utf8mb4_unicode_ci NOT NULL,
  `first_name` varchar(191) COLLATE utf8mb4_unicode_ci NOT NULL,
  `last_name` varchar(191) COLLATE utf8mb4_unicode_ci NOT NULL,
  `email` varchar(191) COLLATE utf8mb4_unicode_ci NOT NULL,
  `rib` varchar(191) COLLATE utf8mb4_unicode_ci DEFAULT NULL,
  `bank_name` varchar(191) COLLATE utf8mb4_unicode_ci DEFAULT NULL,
  `password` varchar(191) COLLATE utf8mb4_unicode_ci NOT NULL,
  `remember_token` varchar(100) COLLATE utf8mb4_unicode_ci DEFAULT NULL,
  `phone` varchar(191) COLLATE utf8mb4_unicode_ci NOT NULL,
  `company_name` varchar(191) COLLATE utf8mb4_unicode_ci DEFAULT NULL,
  `role_id` int(11) NOT NULL,
  `biller_id` int(11) DEFAULT NULL,
  `warehouse_id` int(11) DEFAULT NULL,
  `is_active` tinyint(1) NOT NULL,
  `is_deleted` tinyint(1) NOT NULL,
  `created_at` timestamp NULL DEFAULT NULL,
  `updated_at` timestamp NULL DEFAULT NULL,
  PRIMARY KEY (`id`)
) ENGINE=InnoDB AUTO_INCREMENT=32 DEFAULT CHARSET=utf8mb4 COLLATE=utf8mb4_unicode_ci;

INSERT INTO users VALUES("1","Tarik","tarik","boukjij","tarik.engineering@gmail.com","3200009233890588399028340","AL BARID BANK","$2y$10$HPt3Go.HX8PKm/9Tuh2h5uaW3yIVnf5qu9y.aWIv85AVZJbUU0slG","zcpbAP2BycJ8wGRKRXvllEt4W5oq231XRFslWHQWbNaTcf21pD6MgGd5oFeQ","0689385061","T@R!K","1","","","1","0","2018-06-02 04:24:15","2022-02-02 09:39:11");
INSERT INTO users VALUES("23","Vendeur","vendeur","vendeur","vendeur@yovente.com","42084724572057208572457","ATTIJARI WAFA BANK","$2y$10$ZpJbd7m8PzYsUguYOjJJzu9oE7YO/Z.9bB2HyVBR5PBew8XCoPBRW","","0633333333","","4","","","1","0","2022-01-07 21:35:45","2022-02-02 09:39:37");
INSERT INTO users VALUES("24","Salma","salma","boukjijma","salma@yovente.com","","","$2y$10$0e2hSyrAl2X1W2XqAdnvUOVGLPK8f8xZmLhT8ItTYdqedqe2VcJbq","","0611111111","Salma Company","5","","","0","1","2022-01-15 20:13:17","2022-01-30 19:00:17");
INSERT INTO users VALUES("25","rim","rim","boukjijm","rim@yovente.com","","","$2y$10$u6iuPGz6DHP5EVI0BGWsjOcVYKAQ4jbHTYhrwd/x23RLlrru5qPTK","","0622222222","Rim Company","5","","","0","1","2022-01-30 18:57:46","2022-01-30 19:00:03");
INSERT INTO users VALUES("26","Vendeur1","vendeur1","vendeur1","vendeur1@yovente.com","","","$2y$10$Gk1VagRoo0AFv8xsZlOeT.4KEIu6um10ClY89DLokWCA1moANi3D2","","0688888888","","4","","","0","1","2022-01-30 21:55:39","2022-04-05 16:54:45");
INSERT INTO users VALUES("27","faty1","faty","boukjijf","faty1@yovente.com","","","$2y$10$7vuIzRDHIpcCdYGEXwc/beOVE6R9/jdlI79Cj/1Hbf.x.Wy8cnJAO","","0612121212","","4","","","0","1","2022-01-31 11:19:52","2022-04-05 16:54:45");
INSERT INTO users VALUES("28","nejjar","fatima ezzahra","nejjar","nejjar@yovente.com","","","$2y$10$1vFI/whJVJENEzQFeS/7DekOnRkUK/UuZzGUq0rEHGdIYnBsmm3fy","","0615914789","","4","","","0","1","2022-02-09 20:06:27","2022-02-09 20:06:45");
INSERT INTO users VALUES("29","nejjar","fatima ezzahra","nejjar","nejjar@yovente.com","","","$2y$10$gN9XZ6W9/fF9I94FQcwVK.sG0tgtoX2F5kp8CA7JMyfFw.uRJUp0K","","0612345678","","1","","","0","1","2022-02-09 20:07:20","2022-04-05 16:54:45");
INSERT INTO users VALUES("30","noure","Bougteba","Noureddine","noure@yovente.com","","","$2y$10$k1Lv9.BC3ekllPTg2/mmuO3g43RgXDkMu29hpFomgRudsaiuQEWc.","","0660397499","Yovente S.A.R.L","1","","","1","0","2022-04-05 16:56:19","2022-04-05 16:56:29");
INSERT INTO users VALUES("31","Yasmin","Yasmin","Bougteba","yasmin@gmail.com","","","$2y$10$FYRiFZlcbcx1GFZ88QLSt.PS3bMLAHlTo8wfhYNBMptJULWCCcqju","","0660397499","Nour1","4","","","1","0","2022-04-05 22:48:27","2022-04-07 21:22:33");



CREATE TABLE `variants` (
  `id` int(10) unsigned NOT NULL AUTO_INCREMENT,
  `name` varchar(191) COLLATE utf8mb4_unicode_ci NOT NULL,
  `created_at` timestamp NULL DEFAULT NULL,
  `updated_at` timestamp NULL DEFAULT NULL,
  PRIMARY KEY (`id`)
) ENGINE=InnoDB AUTO_INCREMENT=5 DEFAULT CHARSET=utf8mb4 COLLATE=utf8mb4_unicode_ci;

INSERT INTO variants VALUES("1","M","2022-05-11 08:21:39","2022-05-11 08:21:39");
INSERT INTO variants VALUES("2","L","2022-05-11 08:21:39","2022-05-11 08:21:39");
INSERT INTO variants VALUES("3","XL","2022-05-11 08:21:39","2022-05-11 08:21:39");
INSERT INTO variants VALUES("4","XXL","2022-05-11 08:21:40","2022-05-11 08:21:40");



CREATE TABLE `warehouses` (
  `id` int(10) unsigned NOT NULL AUTO_INCREMENT,
  `name` varchar(191) COLLATE utf8mb4_unicode_ci NOT NULL,
  `phone` varchar(191) COLLATE utf8mb4_unicode_ci DEFAULT NULL,
  `email` varchar(191) COLLATE utf8mb4_unicode_ci DEFAULT NULL,
  `address` text COLLATE utf8mb4_unicode_ci NOT NULL,
  `is_active` tinyint(1) DEFAULT NULL,
  `created_at` timestamp NULL DEFAULT NULL,
  `updated_at` timestamp NULL DEFAULT NULL,
  PRIMARY KEY (`id`)
) ENGINE=InnoDB AUTO_INCREMENT=3 DEFAULT CHARSET=utf8mb4 COLLATE=utf8mb4_unicode_ci;

INSERT INTO warehouses VALUES("1","Benslimane","0600000000","","Benslimane
Maroc","1","2022-05-11 08:25:03","2022-05-11 08:25:03");
INSERT INTO warehouses VALUES("2","Casablanca","0611111111","","Casablanca
Marco","1","2022-05-11 08:30:25","2022-05-11 08:30:25");



CREATE TABLE `withdrawals` (
  `id` int(10) unsigned NOT NULL AUTO_INCREMENT,
  `reference_no` varchar(191) COLLATE utf8mb4_unicode_ci NOT NULL,
  `user_id` int(11) NOT NULL,
  `withdraw_amount` varchar(191) COLLATE utf8mb4_unicode_ci NOT NULL,
  `withdraw_note` text COLLATE utf8mb4_unicode_ci,
  `is_valide` tinyint(1) DEFAULT NULL,
  `is_paid` tinyint(1) DEFAULT NULL,
  `created_at` timestamp NULL DEFAULT NULL,
  `updated_at` timestamp NULL DEFAULT NULL,
  PRIMARY KEY (`id`)
) ENGINE=InnoDB DEFAULT CHARSET=utf8mb4 COLLATE=utf8mb4_unicode_ci;


